prediction_0_for_<=50K_1_for_>50K,target
0.11226599,0
0.0052290275,0
0.84432125,1
0.7657994,0
0.065245256,0
0.040985607,0
0.21051338,1
0.009979429,0
0.12588373,0
0.554735,1
0.6666689,1
0.00082518475,0
0.012658065,0
0.0020367187,0
0.00083076744,0
0.025728835,0
0.0039798347,0
0.086235024,0
0.040333588,1
0.0035696167,0
0.000325609,0
0.04324922,0
0.345902,1
0.6214985,0
0.095959015,0
0.34822154,1
0.21693024,0
0.0017992553,0
0.11779729,0
0.07921154,1
0.00021508329,0
0.015568432,0
0.65989083,1
0.0034499902,0
0.0025352887,0
0.007577697,0
0.9870784,1
0.16859405,1
0.5669749,0
0.116106994,0
0.000619026,0
0.0082590245,0
0.0005062073,0
0.009090353,0
0.01225511,0
0.016655026,0
0.00046617546,0
0.012655336,0
0.46994576,0
0.28539765,1
0.04442318,0
0.0010550106,0
0.21092092,0
0.0021857074,0
0.03542755,0
0.33592942,0
0.015592019,0
0.0014569153,0
0.003950946,0
0.98549044,1
0.009522247,0
0.007965755,0
0.20869258,0
0.59603536,1
0.2749034,0
0.008456331,0
0.06919404,0
0.019889886,0
0.00029734976,0
0.0050921375,0
0.0027385028,0
0.0091431765,0
0.10436938,0
0.82242733,1
0.002311104,0
0.044987734,0
0.022576677,0
0.031748727,0
0.10424812,0
0.27392104,0
0.006428331,0
6.062891e-05,0
0.32078883,1
0.07113122,0
0.22048353,1
0.596153,1
0.44608483,1
0.030544484,0
0.07190431,0
0.008610767,0
0.0041260133,0
0.0033236502,0
0.08819417,0
0.3754294,1
0.053258248,0
9.007813e-05,0
0.13996837,0
0.7085671,1
0.1841467,0
0.21123213,0
0.007845115,0
0.011838067,0
0.04973448,0
0.11249116,0
0.03651779,1
0.42742443,0
0.34526289,1
0.1314908,0
0.23999219,0
0.18536402,0
0.49992812,1
0.0005338577,0
0.0008958807,0
0.6797782,1
0.6749874,0
0.61151886,1
0.018799948,0
0.1312794,0
0.005857181,0
0.16390716,0
0.021037586,0
0.0027235537,0
0.99888295,1
0.30239734,1
0.016270421,0
0.0019613376,0
0.49391136,1
0.0068429313,0
0.15186737,0
0.02681628,0
0.316884,0
0.0012045428,0
0.059758667,0
0.25820607,0
0.014725972,0
0.71691436,1
0.26392892,0
0.103971325,0
0.010975296,0
0.10495171,1
0.0034431198,0
0.9983917,1
0.00016630878,0
0.8325239,1
0.006135274,0
0.02204449,0
0.9415089,1
0.62038124,1
0.40044796,1
0.032679662,0
0.031256218,0
0.26796743,0
0.017833356,0
0.825568,1
0.0004638543,0
0.7167489,0
0.007942667,0
0.0052806,0
0.4902073,0
0.0808516,0
0.037924025,1
0.3739526,0
0.5710169,1
0.5678309,1
0.92228913,1
0.1759835,0
0.0118593,0
0.74310845,1
0.995832,1
0.8944495,1
0.3263513,0
0.684756,0
0.39922133,1
0.02302713,0
0.00044944717,0
0.51242363,1
0.025864363,0
0.6717606,0
0.97459215,1
0.58448017,1
0.27114978,1
0.00035482243,0
0.0013423343,0
0.0006530412,0
0.101813145,0
0.009841019,0
0.0012718297,0
0.9992735,1
0.007932971,0
0.10600142,1
0.0062119686,0
0.10019663,0
0.028533807,0
0.0039550653,0
0.49696252,0
0.01929568,0
0.031521674,0
0.006321999,0
0.10356729,0
0.036720134,0
0.003609765,0
0.13394095,0
0.0046338686,0
0.31168178,1
0.2117724,0
0.8728185,1
0.9993641,1
0.01520267,0
0.9952146,1
0.8222352,1
0.037553895,0
0.10497371,0
0.90860415,1
0.4944082,0
0.012171363,0
0.6627921,1
0.5070543,1
0.67436755,1
0.06686632,0
0.11870959,0
0.26038396,1
0.69472593,1
0.20133263,0
0.15955792,1
0.089064375,1
0.021575078,0
0.075102754,0
0.11965287,0
0.06533484,0
0.42213333,1
0.003880497,0
0.003232254,0
0.100845024,0
0.00025128262,0
0.042424355,0
0.4484514,1
0.27808455,0
0.027248254,0
0.020390878,0
0.040114928,0
0.0034286734,0
0.040969938,0
0.0056010443,0
0.011425026,0
0.13067816,0
0.011364237,0
0.5809748,0
0.14529614,0
0.095452346,0
0.26295435,1
0.6210014,1
0.021846239,0
0.033201504,0
0.35421383,1
0.6354105,1
0.060033083,0
0.009863994,0
0.5944233,1
0.027840124,0
0.64753544,1
0.05078218,0
0.99011153,1
0.043103974,0
0.81496847,1
0.9705137,1
0.029535955,0
0.00716879,0
0.0151084745,0
0.09446663,0
0.13177831,0
0.09820396,0
0.23010811,0
0.003871441,0
0.9952171,1
0.020510815,0
0.59257144,1
0.0053293104,0
0.019302908,0
0.012536536,0
0.030068591,0
0.42420852,0
0.0035812843,0
0.030127397,0
0.9929618,1
0.0059824563,0
0.012979669,0
0.082820974,0
0.003089316,0
0.83069366,1
0.99539644,1
0.4238547,0
0.00029995161,0
0.028336609,0
0.0054614837,0
0.27280185,1
0.26141202,0
0.8021072,1
0.54497737,1
0.6029712,1
0.016944729,0
0.41525805,1
0.90237,1
0.014542882,0
0.34915367,0
0.00045579948,0
0.0047416585,0
0.013630295,0
0.0029069076,0
0.0020316008,0
0.23662052,1
0.00023342077,0
0.997995,1
0.00023333933,0
0.028972533,0
0.98143643,1
0.008295912,0
0.00024749892,0
0.20706919,0
0.9243724,1
0.13731702,1
0.45895535,0
0.012959934,0
0.0013068022,0
0.00062054594,0
0.3705811,1
0.957253,1
0.9849672,1
0.0002558532,0
0.0011245887,0
0.0044567776,0
0.008239285,0
0.0025487586,0
0.53315246,1
0.12689784,0
0.3286867,1
0.13697043,0
0.046182588,1
0.005433379,0
0.4256277,0
0.60201496,1
0.015172617,0
0.30182096,1
0.25672585,0
0.004743637,0
0.99298143,1
0.041449104,0
0.033835296,0
0.6759294,1
0.28195545,0
0.48979345,1
0.32287136,0
0.986013,1
0.113821894,0
0.004704122,0
0.061844785,0
0.95139945,1
0.035013184,0
0.29372156,1
0.019176025,0
0.15555196,0
0.0007050655,0
0.06698443,0
0.05061995,0
0.0005335171,0
0.00014972186,0
0.19441195,0
0.01096833,0
0.010812567,0
0.0032235505,0
0.00017709569,0
0.7347827,1
0.0069151525,0
0.2942137,0
0.99845004,1
0.63584006,1
0.16617729,1
0.03851338,0
0.28019387,1
0.7269909,1
0.0074075633,0
0.09139107,0
0.8196124,1
0.35364568,0
0.0076856297,0
0.054111287,0
0.0032255752,0
0.00035021082,0
0.81880593,1
0.0037768397,0
0.6909756,0
0.07814222,0
0.01718783,0
0.057355028,1
0.15714987,0
0.0003011146,0
0.00702022,0
0.0019158527,0
0.23690465,1
0.0058828443,0
0.21537764,0
0.003449505,0
0.8820072,1
0.23676221,0
0.062005997,0
0.003987916,0
0.2424724,0
0.8525651,1
0.0004298714,0
0.024026418,0
0.00027108818,0
0.044281907,0
0.047652304,0
0.31541386,1
0.24609691,0
0.4397043,0
0.03308314,0
0.004301718,0
0.1147788,0
0.021883069,0
0.041066866,0
0.4487358,0
0.6083479,1
0.22716588,0
0.17768985,0
0.29051515,0
0.7460152,1
0.055965237,0
0.00041942834,0
0.0023860037,0
0.002754561,0
0.62735337,1
0.99695957,1
0.5693225,1
0.024551446,0
0.2818771,0
0.022571605,0
0.21300875,1
0.0354434,0
0.0009962631,0
0.053625327,0
0.26347178,1
0.0029113863,0
0.91430247,1
0.23805298,0
0.023842607,1
0.9577729,1
0.26876238,1
0.89609253,0
0.027539976,0
0.080034226,0
0.00490521,0
0.010357789,0
0.33387527,0
0.5837694,1
0.2263102,1
0.17819123,0
0.9992046,1
0.19580409,0
0.016625227,0
0.0018612868,0
0.6396328,1
0.004045875,0
0.99209434,1
0.99934345,1
0.6536381,0
0.6131352,1
0.14395562,0
0.30536506,0
0.0024826403,0
0.048694216,0
0.9974667,1
0.23348577,0
0.048928745,0
0.026090432,0
0.9946425,1
0.62882274,0
0.7006555,0
0.4238547,1
0.07689741,0
0.69160414,0
0.9963452,1
0.0006883246,0
0.999042,1
0.43602875,0
0.9674699,1
0.5010245,1
0.0787503,1
0.005053902,0
0.028103715,0
0.51131964,0
0.010989134,0
0.34797412,0
0.034358375,0
0.0044483333,0
0.062455166,0
0.09707364,0
0.9643823,1
0.5901458,0
0.03180437,0
0.0012492881,0
0.058195185,0
0.12428709,0
0.9908199,1
0.059135858,0
0.02406406,0
0.6110488,0
0.13932791,0
0.2848793,0
0.004572766,0
0.034058563,0
0.0061115706,0
0.07131949,0
0.014222988,0
0.4587325,0
0.087960176,0
0.0049749846,0
0.788552,1
0.0027916834,0
0.009931354,0
0.3337467,0
0.006697912,0
0.13410497,0
0.0011215536,0
0.13803421,0
0.34339422,1
0.0061479085,0
0.033880275,0
0.17896013,0
0.053416684,0
0.018682458,0
0.050368905,0
0.7303073,0
0.512144,0
0.36151162,0
0.0047672116,0
0.016299963,0
0.48342448,1
0.1344959,0
0.38398173,1
0.0050220317,0
0.0051069777,0
0.09800952,1
0.7690936,1
0.0010303083,0
0.7698825,1
0.008439911,0
0.7538595,1
0.032909602,0
0.029357104,0
0.9709236,1
0.0003839605,0
0.0004477666,0
0.002332135,0
0.10687361,0
0.004135242,0
0.049356997,0
0.015190597,0
0.69911,1
0.0071755573,0
0.029302424,0
0.0001264173,0
0.5644887,1
0.10408053,0
0.024927508,0
0.64958763,0
0.017191617,0
0.002758135,0
0.012480623,0
0.0067114597,0
0.0001798753,0
0.004340127,0
0.3802482,0
0.80147266,1
0.27233484,0
0.17957093,0
0.025533682,0
0.5393896,1
0.0066568884,0
0.0026670687,0
0.0038371214,0
0.044185337,0
0.045920655,0
0.69552946,0
0.022796946,0
0.053851333,0
0.0036143865,0
0.8130018,0
0.9992933,1
0.101430126,0
0.3407195,0
0.023553466,0
0.009628463,0
0.06253802,0
0.26418367,0
0.0035686078,0
0.34435368,0
0.0347922,0
0.01220757,0
0.99281776,1
0.03280429,0
0.011593346,0
0.3908892,0
0.01357222,0
0.5558681,1
0.75123876,1
0.7823031,0
0.0016821169,0
0.44034484,0
0.6085879,1
0.010578875,0
0.029945403,0
0.059220076,0
0.002851307,0
0.0069577764,0
0.06425709,0
0.14463727,0
0.16476348,0
0.07229315,0
0.0045791017,0
0.0071863234,0
0.0007987722,0
0.005582582,0
0.34319875,1
0.6792567,0
0.04281544,0
0.07103496,0
0.015095369,0
0.15283307,0
0.10094118,0
0.00041219217,0
0.014920059,0
0.00034186963,0
0.010591755,0
0.16274437,0
0.23287094,0
0.35323977,1
0.22813267,0
0.0009132878,0
0.006506689,0
0.22025464,0
0.0037554584,0
0.24727443,1
0.17614138,0
0.00072421366,0
0.010285937,0
0.37612152,0
0.31160283,1
0.99801147,1
0.49919522,1
0.26851192,0
0.010494809,0
0.001162586,0
0.5272872,1
0.2820493,1
0.011916897,0
0.3853904,1
0.52124846,0
0.01385091,0
0.5070379,1
0.41865656,0
0.8406522,1
0.98852277,1
0.04457437,0
0.63217586,1
0.41138762,1
0.68794227,1
0.0076391404,0
0.06993622,0
0.8403425,1
0.3363422,1
0.023962313,0
0.028929615,0
0.3606899,1
0.4868204,0
0.058893252,1
0.009121701,0
0.99790096,1
0.00037577358,0
0.40831664,1
0.013937316,0
0.014824927,0
0.5417888,1
0.3152138,0
0.013563565,0
0.0668934,0
0.007161243,0
0.0057754335,0
0.026499687,0
0.30530563,1
0.26441523,0
0.3292085,1
0.050293736,0
0.25102127,0
0.00343127,0
0.17005393,0
0.00032535114,0
0.18588357,1
0.011535525,0
0.6151351,0
0.051027603,0
0.41218522,0
0.98768044,1
0.11163986,0
0.032536305,0
0.0014365044,0
0.0020538268,0
0.0009936412,0
0.71259034,1
0.021384446,0
0.0067544268,0
0.29236004,0
0.0023321318,0
0.0011410047,0
0.0130010545,0
0.9703972,1
0.67515194,1
0.216042,0
0.009233985,0
0.024553893,0
0.31540656,1
0.01984047,0
0.1177888,0
0.38988593,0
0.49480218,0
0.07779902,0
0.3948516,0
0.9883824,1
0.26899505,1
0.7789476,1
0.011811579,0
0.0005082914,0
0.17984417,1
0.34372598,1
0.005316851,0
0.00036468304,0
0.0038124344,0
0.39364344,0
0.82757246,1
0.004043341,0
0.10019418,0
0.024887612,0
0.99949217,1
0.98658437,1
0.04763873,0
0.28408617,0
0.9990625,1
0.61525035,1
0.28322026,1
0.61572707,1
0.0042023296,0
0.008027604,0
0.18309374,0
0.2979573,0
0.0006566309,0
0.0006567642,0
0.8094081,0
0.10035621,0
0.6830368,1
0.59642637,1
0.016865585,0
0.030219214,0
0.99887305,1
0.97330207,1
0.02583318,0
0.116728,0
0.9987203,1
0.67640316,0
0.12649427,0
0.002978838,0
0.0026098709,0
0.9993654,1
0.01826032,0
0.024691837,0
0.0018256388,0
0.5046302,0
0.026051277,0
0.0043311506,0
0.6051061,0
0.0064987196,0
0.2188163,0
0.4218501,0
0.7988318,1
0.042298082,0
0.9981646,1
0.69926906,1
0.28835878,1
0.008256591,0
0.012050089,0
0.069627814,0
0.041439917,0
0.7626828,0
0.9954267,1
0.56163985,0
0.0010570871,0
0.63928664,0
0.47508705,0
0.0004561861,0
0.04988449,0
0.9925903,1
0.016356092,0
0.34623381,0
0.14511259,0
0.052152228,0
0.007832061,0
0.0060790116,0
0.0067287195,0
0.00048778972,0
0.0126042515,0
0.76178885,1
0.011593886,1
0.0003345939,0
0.26792237,0
0.16943349,0
0.0170365,0
0.9982998,1
0.042377684,0
0.03569267,0
0.3594391,0
0.47823372,0
0.00021994853,0
0.04499802,0
0.5526411,1
0.026577437,0
0.35069668,0
0.0056497757,0
0.027291693,0
0.89857525,1
0.13771038,0
0.6491682,1
0.0073486506,0
0.27436793,0
0.23974948,0
0.0014751133,0
0.0015548689,0
0.36194238,0
0.35996923,0
0.0010490018,0
0.011239584,0
0.5200936,0
0.0031448237,0
0.036905203,0
0.0003333598,0
0.37322727,0
0.0043052076,0
0.18243013,0
0.4680161,1
0.00046341258,0
0.20397037,0
0.9961248,1
0.15411939,0
0.008897547,0
0.06272324,0
0.008391536,0
0.60113144,1
0.99974173,1
0.0042506154,0
0.0003893757,0
0.0031447595,0
0.031545773,0
0.8081991,1
0.057212695,0
0.09458392,0
0.7650607,0
0.0007857255,0
0.061508674,0
0.9502712,1
0.43289557,1
0.20360713,0
0.30590475,0
0.22831768,0
0.24566913,0
0.13342787,1
0.016139844,0
0.054587882,0
0.84001297,1
0.1819648,1
4.2697928e-05,0
0.6170499,1
0.7129874,0
0.11858708,0
0.0071929023,0
0.0802935,0
0.003940066,0
0.5887151,0
0.06545888,0
0.27519783,0
0.19284369,0
0.21066369,0
0.10009129,0
0.043070003,0
0.0012990902,0
0.9968713,1
0.20572267,0
0.9981793,1
0.13661335,0
0.0002725953,0
0.027250769,0
0.009831806,0
0.7245473,1
0.00012418686,0
0.0322569,0
0.44833314,0
0.28535855,1
0.44684407,1
0.6432667,1
0.21873769,0
0.6816342,1
0.99333364,1
0.7673433,1
0.004399551,0
0.0028325485,0
0.12200669,0
0.9995652,1
0.004881476,0
0.72106194,1
0.00029450472,0
0.033528287,0
0.01864197,0
0.0005857353,0
0.008007311,0
0.14413916,0
0.0057331324,0
0.016808832,0
0.01443628,0
0.00044494707,0
0.0003832421,0
0.00064853334,0
0.00013738096,0
0.072358385,0
0.007670784,0
0.022901623,0
0.12528846,0
0.06119673,0
0.3572806,0
0.8744774,1
0.9885767,1
0.019376699,1
0.33739573,0
0.22770563,0
0.0002191792,0
0.003320663,0
0.067584045,0
0.49788716,1
0.016973427,0
0.023250083,0
0.08295429,0
0.2858532,0
0.013356456,0
0.9985317,1
0.0010774446,0
0.01359538,0
0.48923755,1
0.0055350624,0
0.1360868,0
0.024163995,0
0.2460736,0
0.092185184,0
0.08940089,0
0.9626091,1
0.7776547,1
0.00025358782,0
0.074805975,0
0.5557254,0
0.6819227,0
0.008667001,1
0.39901796,1
0.005257831,0
0.77291274,1
0.016433718,0
0.0031426777,0
0.09883029,0
0.27559868,0
0.98181283,1
0.017160103,0
0.41829485,1
0.00017158888,0
0.013125402,0
0.7018365,1
0.11112736,0
0.15386307,0
0.07126399,0
0.03163869,0
0.08915603,0
0.29596233,0
0.24686235,0
0.046424024,0
0.024877371,0
0.08403984,0
0.046735495,0
0.0076740263,0
0.0004912693,0
0.99275875,1
0.01866355,0
0.3423841,0
0.37587163,0
0.018695211,0
0.08455465,0
0.002282625,0
0.07083803,0
0.009700553,0
0.98523545,1
0.8617476,1
0.006478493,0
0.43028706,0
0.999009,1
0.0011183454,0
0.99126875,1
0.378096,0
0.8219578,1
0.1618052,0
0.5972557,1
0.406807,1
0.00036091678,0
0.00039349418,0
0.02839746,0
0.78733766,1
0.012189746,0
0.26208422,1
0.6429073,0
0.49936113,0
0.2560443,1
0.00042063455,0
0.7061337,1
0.8062959,1
0.27478987,0
0.15389343,0
0.01915212,0
0.37925696,0
0.0077071483,0
0.9838275,1
0.0021063806,0
0.99900347,1
0.56248134,0
0.16184321,0
0.0029346086,0
0.006763287,0
0.14763975,0
0.6420897,1
0.73869735,1
0.053267676,0
0.01935823,0
0.020490445,0
0.0032731926,0
0.07994244,0
0.109249406,0
0.010255255,0
0.02403842,0
0.018547606,0
0.004015103,0
0.6085453,0
0.0007701556,0
0.016766094,0
0.036020666,0
0.007234404,0
0.66910833,1
0.1995352,1
0.5254025,0
0.65617603,1
0.13784587,0
0.9975013,1
0.060434204,0
0.079088666,0
0.15867628,1
0.93852144,0
0.00035048253,0
0.51028943,0
0.4330856,1
0.010419012,0
0.05014666,0
0.116138324,0
0.13176198,0
0.028293071,0
0.9989384,1
0.52738774,0
0.0030061004,0
0.017091766,0
0.9938933,1
0.03623437,0
0.45972526,0
0.112813234,0
0.560597,0
0.7735569,1
0.10527084,0
0.020139959,0
0.38429865,0
0.005758674,0
0.005040354,0
0.0009245067,0
0.0826294,0
0.011099034,0
0.004025339,0
0.9995839,1
0.37121662,0
0.28602645,0
0.004769764,0
0.025425466,0
0.0010464526,0
0.0264305,0
0.07495634,0
0.025809953,0
0.0011497177,0
0.017738618,0
0.85606307,1
0.55855286,1
0.31541765,1
0.24464184,0
0.96504354,1
0.5289378,0
0.4685557,0
0.7879011,1
0.024135105,0
0.050407197,0
0.13579172,1
0.19747612,0
0.038551025,0
0.022371002,0
0.00038354876,0
0.022210414,0
0.0018216834,0
0.13980968,0
0.37169042,0
0.013645156,0
0.034673184,0
0.01250987,0
0.99918455,1
0.27362147,1
0.005259253,0
0.2372125,0
0.0040921993,0
0.045650437,0
0.10986149,0
0.284982,0
0.0091654,0
0.0010557284,0
0.96919256,1
0.5466651,1
0.7038735,0
0.004971436,0
0.25802836,0
0.01649553,0
0.00085743895,0
0.029380186,0
0.01619399,0
0.03805696,0
0.93365353,1
0.9894923,1
0.37725338,0
0.30273893,0
0.15586513,0
0.32769048,0
0.094506875,0
0.82864463,1
0.0025284619,0
0.0033410566,0
0.004231308,0
0.22483769,0
0.009018711,0
0.011962214,0
0.09110062,0
0.2841094,0
0.0029490143,0
0.024006842,0
0.002423361,0
0.007836012,0
0.4546952,1
0.6917098,0
0.00034302927,0
0.22223833,0
0.11900496,1
0.00014874314,0
0.027148243,0
0.11334129,0
0.7848939,1
0.99893266,1
0.054294746,0
0.58460677,0
0.029938145,0
0.281008,0
0.38261327,0
0.20317633,0
0.049917936,0
0.039594382,0
0.51779646,0
0.0006224464,0
0.19791204,0
0.4532269,1
0.005063014,0
0.07291834,0
0.05134665,0
0.056534626,0
0.016987627,0
0.86751723,1
0.65586746,1
0.027208146,0
0.6120846,1
0.009211637,0
0.031659827,0
0.0002099105,0
0.84466016,1
0.012894367,0
0.008363388,0
0.66197634,1
0.16383444,0
0.00017579184,0
0.0036684598,0
0.05022254,0
0.06695741,0
0.0051338673,0
0.8041883,0
0.39745873,0
0.98029137,1
0.0005628234,0
0.002972468,0
0.034363214,0
0.14462948,0
0.082755744,0
0.0062684705,0
0.061097227,0
0.9993887,1
0.0042478996,0
0.020560157,0
0.0034437596,0
0.33132374,0
0.018049696,0
0.0033778355,0
0.010132272,0
0.00045865052,0
0.2023597,1
0.027963718,0
0.2908371,0
0.6449789,1
0.9978605,1
0.14103054,0
0.00059015414,0
0.23170318,1
0.99760866,1
0.0089109205,0
0.13693327,0
0.013469885,0
0.99874663,1
0.0200079,0
0.6626669,0
0.970043,1
0.002463963,0
0.004271482,0
0.9817407,1
0.23851417,0
0.009621958,0
0.095659584,0
0.02565376,0
0.0354579,0
0.00037846612,0
0.2809535,1
0.62902063,1
0.79003996,1
0.42117533,1
0.007877523,0
0.0007506991,0
0.08245118,0
0.010821557,0
0.012378526,0
0.15646875,0
0.29640582,0
0.03842821,0
0.6102702,0
0.15584244,0
0.045849167,0
0.24320039,1
0.001609955,0
0.5078082,0
0.23929471,1
0.1547671,1
0.006698321,0
0.024119454,0
0.001086558,0
0.069679044,0
0.03334966,0
0.0018955916,0
0.0018962612,0
0.0014047581,0
0.12436209,0
0.713947,1
0.084188364,0
0.0033282498,0
0.016927414,0
0.5668772,0
0.016570542,0
0.0018790826,0
0.3644482,0
0.006104852,0
0.7439666,1
0.6029524,1
0.0678229,0
0.048936304,0
0.06285387,0
0.003699023,0
0.211344,0
0.00684405,0
0.00016630878,0
0.013957817,0
0.053114545,0
0.044694856,0
0.44326478,0
0.066050574,0
0.08479376,0
0.9992888,1
0.00025710178,0
0.82223034,1
0.6958279,0
0.6254342,1
0.11257883,0
0.32413673,1
0.39808947,0
0.08664273,0
0.0005820481,0
0.0058028484,0
0.30586648,1
0.0029688552,0
0.72205013,1
0.6808057,1
0.019079614,0
0.99049115,1
0.9672725,1
0.03504458,0
0.14378853,0
0.038774308,0
0.6457539,1
0.0035352744,0
0.0011305597,0
0.060923137,0
0.0005235321,0
0.0043215477,0
0.6744697,0
0.055556733,1
0.01887682,0
0.0076028574,0
0.5978346,1
0.17498188,0
0.47314355,0
0.0006382619,0
0.55658334,1
0.0032216266,0
0.99851733,1
0.7904773,1
0.08035298,0
0.006081164,0
0.006246499,0
0.33953315,0
0.14639728,0
0.00024064929,0
0.047192313,0
0.37000963,0
0.0016670584,0
0.15049511,0
0.9067686,1
0.0006608026,0
0.9783676,1
0.24999097,0
0.14462948,0
0.25477344,0
0.00023282088,0
0.4028138,1
0.010842817,0
0.056093026,0
0.9993081,1
0.99738234,1
0.9967347,1
0.0040919543,0
0.027028035,0
0.0007620681,0
0.6279544,1
0.34478298,0
0.52177215,0
0.4585695,0
0.9975811,1
0.0005778144,0
0.0019196193,0
0.0026798258,0
0.43658772,1
0.37068886,0
0.67072386,1
0.020333622,0
0.08774766,0
0.997133,1
0.15294254,0
0.99308175,1
0.004401289,0
0.0058638537,0
0.02298359,0
0.16725521,0
0.18352006,0
0.041873172,0
0.57351696,0
0.0003462107,0
0.0067954874,0
0.3196118,0
0.20367189,1
0.0010141636,0
0.009826561,0
0.045829415,0
0.98452973,1
0.44627467,0
0.08072202,0
0.0012016303,0
0.21211228,0
0.00020869874,0
0.0177692,0
0.49251753,0
0.82109606,1
0.9884724,1
0.6845302,0
0.10900162,0
0.014307204,0
0.004391469,0
6.760037e-05,0
0.0025340505,0
0.039879303,0
0.0015766722,0
0.13833435,0
0.023060516,0
0.007617262,0
0.6433321,1
0.82147306,0
0.23391765,0
0.0031261086,0
0.4467483,0
0.998135,1
0.00023341388,0
0.9773555,1
0.99867153,1
0.015444543,0
0.018001005,0
0.021756288,0
0.35243654,0
0.1753476,0
0.003650913,0
0.021801658,0
0.0052121514,0
0.022120187,0
0.03785453,0
0.99652797,1
0.115547955,0
0.34771863,0
0.99448305,1
0.17362992,0
0.32204086,0
0.0048532174,0
0.012478789,0
0.6683137,1
0.6932266,1
0.30984616,0
0.16597033,0
0.9706518,0
0.07684184,0
0.7798134,1
0.06293499,0
0.94836295,1
0.0105319675,0
0.015612288,0
0.0014282593,0
0.0028069455,0
0.006516678,0
0.7941915,1
0.0012953893,1
0.026735164,0
0.9972964,1
0.0038266135,0
0.14658816,0
0.515088,1
0.0105319675,0
0.0021671443,0
0.03773126,0
0.0027941482,0
0.2742933,0
0.26643667,1
0.01064827,0
0.0006164041,0
0.06800516,0
0.7065444,1
0.0031371957,0
0.8019003,1
0.0589046,0
0.0017925485,0
0.26295435,0
0.99531895,1
0.14827578,0
0.0021528506,0
0.114750944,0
0.45528156,0
0.005086628,0
0.31724364,0
0.10609655,0
0.20469967,0
0.14921564,0
0.6608941,1
0.33180922,0
0.27979884,0
0.0035422188,0
0.8909012,0
0.835989,1
0.008073986,0
0.01337247,0
0.99095106,1
0.003195038,0
0.12098352,0
0.0011570663,0
0.99602485,1
0.51196283,0
0.025408113,0
0.4257001,1
0.24320288,1
0.11825016,0
0.004120396,0
0.019305313,0
0.41861024,1
0.16893966,1
0.06153076,0
0.03736505,0
0.023306085,0
0.67524034,1
0.99927276,1
0.023243826,0
0.041354086,0
0.12506478,0
0.0036935112,0
0.009657826,0
0.0023005207,0
0.5258115,1
0.4720993,0
0.13988307,0
0.042246394,0
0.034158066,0
0.008178131,0
0.3208061,0
0.553724,0
0.0018970942,0
0.50400186,0
0.4617089,0
0.08880013,0
0.005501142,0
0.00030015185,0
0.0007702319,0
0.18768875,0
0.7937036,1
0.026546218,0
0.6972648,1
0.00755432,0
0.69596094,1
0.025887638,0
0.03650891,1
0.046970833,1
0.02475656,0
0.0017847617,0
0.20551851,0
0.44538817,0
0.007732139,0
0.03653428,0
0.038888514,0
0.04936021,1
0.0014340004,0
0.00047404066,0
0.025664495,0
0.015994964,0
0.029542442,0
0.017412608,0
0.28667575,0
0.0008846228,0
0.00615098,0
0.7455933,1
0.2826717,0
0.017195297,0
0.4238547,0
0.4132461,0
0.00024276554,0
0.008065112,0
0.030144623,0
0.5263335,0
0.62774235,1
0.10792683,0
0.0027826854,0
0.112995476,0
0.99888104,1
0.13990897,0
0.008128445,0
0.00400555,0
0.99824643,1
0.4149265,0
0.39364344,0
0.1889082,0
0.100580715,0
0.77989215,0
0.019080497,0
0.10481958,0
0.01637427,0
0.057169065,0
0.5697222,0
0.029915767,0
0.64243484,0
0.99524903,1
0.060437147,0
0.00025351724,0
0.009981638,0
0.07443859,0
0.6840906,1
0.023636162,0
0.06477989,0
0.7214411,1
0.0048317667,0
0.013020362,0
0.0044313623,0
0.7474351,1
0.9976769,1
0.49082255,0
0.019884143,0
0.598295,0
0.009450768,0
0.01663879,0
0.34017396,1
0.8085678,1
0.028258039,0
0.8953039,1
0.011248071,0
6.9165944e-05,0
0.22795546,1
0.9907342,1
0.15335864,0
0.05243601,0
0.015709363,0
0.0018095227,0
0.012643514,0
0.3153303,0
0.049583722,0
0.62930244,1
0.20223212,1
0.7372292,1
0.3702567,0
0.07845687,0
0.30488196,0
0.37406707,0
0.009791469,0
0.02307355,0
0.3590413,0
0.9983753,1
0.43419144,0
0.002471753,0
0.3334201,0
0.45548975,1
0.36712798,1
0.027039224,0
0.74579304,1
0.008654477,0
0.0023023263,0
0.0020636881,0
0.09476813,0
0.20108981,0
0.75955,0
0.9992176,1
0.0018090301,0
0.25309613,0
0.014016213,0
0.071077794,0
0.6755194,1
0.0015984838,0
0.009631592,0
0.26290843,0
0.00077588804,0
0.003953916,0
0.5146552,1
0.0118890405,0
0.005093215,0
0.01619206,0
0.23282948,0
0.009324775,0
0.00046403208,0
0.006609636,0
0.00024007178,0
0.58871263,0
0.017106278,0
0.07531544,0
0.24951056,1
0.43129727,1
0.0012320342,0
0.007465214,0
0.035647843,0
0.02317512,0
0.35627812,1
0.008907451,0
0.00019560698,0
0.8655736,1
0.026706383,0
0.0069589727,0
0.0020200114,0
0.043612402,0
0.99880743,1
0.12976427,0
0.00029165327,0
0.025715271,0
0.00047358,0
0.9929041,1
0.38922095,0
0.011178916,0
0.9615332,1
0.12757741,1
0.63861287,1
0.25111842,1
0.039313983,0
0.0005854311,0
0.42902884,1
0.003288261,0
0.5029809,0
0.72756684,1
0.5956315,1
0.24710576,0
0.009089111,0
0.0006254361,0
0.7868106,0
0.040044297,0
0.00048649975,0
0.001490109,0
0.00068769976,0
0.04494081,0
0.99934906,1
0.016592236,0
0.00460906,0
0.0042348555,0
0.12807192,0
0.0029263797,0
0.04968165,0
0.054539017,0
0.0032882283,0
0.28701925,0
0.65546083,1
0.00022185552,0
0.78998274,1
0.009403951,0
0.012922255,0
0.010262434,0
0.7459447,0
0.00090791774,0
0.73278594,1
0.00030709273,0
0.35267895,0
0.058937874,0
0.18827762,1
0.0007725592,0
0.59969395,1
0.00023439515,0
0.00028383653,0
0.06791113,1
0.04642173,0
0.0030729368,0
0.20545779,0
0.006062126,0
0.8170324,1
0.7520786,0
0.004849923,0
0.011871839,0
0.0036596204,0
0.028812947,0
0.5938262,1
0.26295435,1
0.80338764,1
0.03954079,0
0.0053647715,0
0.5757443,1
0.07550517,0
0.025010534,0
0.14572002,0
0.03064237,0
0.7990147,1
0.845028,1
0.045792066,0
0.00075257325,0
0.256969,1
0.48242176,1
0.00291145,0
0.50704134,0
0.6199656,1
0.0427455,0
0.3281577,0
0.06127593,0
0.017359918,0
0.00060995633,0
0.74285394,0
0.0152371265,0
0.6601139,1
0.09424014,0
0.013293662,0
0.00060133706,0
0.99194604,1
0.017150542,0
0.006492279,0
0.03301846,0
0.025019681,0
0.16716099,0
0.055506613,0
0.5385465,0
0.94925743,1
0.082954146,0
0.0009283252,0
0.0558378,0
0.99643826,1
0.003243265,0
0.82329106,1
0.018282259,0
0.22917114,0
0.0715815,0
0.012053035,0
0.37587163,0
7.209687e-05,0
0.02723803,0
0.82151777,1
0.34429708,0
0.022222122,0
0.00631132,0
0.2498455,0
0.99733573,1
0.3351587,0
0.116274886,0
0.0057904106,0
0.004773652,0
0.7216948,1
0.07330477,0
0.0070008677,0
0.17695467,0
0.5819054,1
0.0053109005,0
0.2382193,0
0.14003247,0
0.09446022,0
0.021089343,0
0.0098524885,0
0.01281859,0
0.35169992,0
0.7499847,1
0.064176716,0
0.017013941,0
0.46430942,0
0.3960153,1
0.0025543652,0
0.03344603,0
0.20123334,0
0.8429605,1
0.02830503,0
0.024003757,0
0.14748414,0
0.00015175466,0
0.002553368,0
0.95428413,1
0.0074190972,0
0.0007465737,0
0.015542721,0
0.074459404,0
0.2353837,0
0.9988582,1
0.58634,0
0.0019064303,0
0.12584464,0
0.22126868,0
0.019648146,1
0.0024300944,0
0.4708176,0
0.12160815,0
0.078136005,1
0.31474108,0
0.00015715264,0
0.37157747,0
0.004618744,0
0.0010268111,0
0.0023677982,0
0.067570135,0
0.022117352,0
0.26584217,0
0.542918,0
0.016930128,0
0.44840205,1
0.00018445379,0
0.012763068,0
0.8611876,1
0.26039034,0
0.011977418,0
0.015633086,0
0.5703111,0
0.12043409,0
0.0023354115,0
0.18228263,0
0.18443729,0
0.1761679,0
0.09444273,0
0.036252405,0
0.17926525,0
0.023719063,0
0.0015209892,0
0.005303844,0
0.0046882085,0
0.017885631,0
0.14359212,0
0.0018525143,0
0.001835258,0
0.24907853,0
0.574629,0
0.0025701565,0
0.5224429,1
0.29737484,1
0.62469614,1
0.0018945002,0
0.028105486,0
0.003592865,0
0.74118847,0
0.28189087,0
0.048713934,0
0.022378776,0
0.02290428,0
0.034735043,0
0.5797079,0
0.29354575,0
0.0006631147,0
0.43788105,0
0.0012919564,0
0.5629333,0
0.011480079,0
0.0051456224,0
0.014134735,0
0.014630415,0
0.032229546,0
0.06638848,1
0.011200865,0
0.0042077247,0
0.019427095,0
0.00010534616,0
0.0140262395,0
0.029181391,0
0.007619061,0
0.6678219,1
0.5066528,0
0.15467888,1
0.0042885276,0
0.10217168,0
0.28566018,1
0.0003303539,0
0.042554773,0
0.048832115,0
0.99943715,1
0.01940977,0
0.35129157,1
0.5015713,0
0.023231378,0
0.059774376,0
0.0073362743,0
0.37501532,0
0.6170667,1
0.20222308,0
0.9609022,1
0.006949693,0
0.01702545,0
0.32169852,0
0.10444735,0
0.007272703,0
0.07887108,0
0.99956614,1
0.022507953,0
0.05964744,1
0.9910704,1
0.15879169,0
0.8585917,1
0.0038469029,0
0.5784366,1
0.0009005505,0
0.19755366,0
0.0005155632,0
0.03575593,0
0.7862363,1
0.21889526,1
0.10118941,0
0.11549504,0
0.559516,1
0.031602595,0
0.002514026,0
0.079741254,0
0.6641839,0
0.11463583,0
0.72044474,1
0.007534241,0
0.9993956,1
0.005313105,0
0.5440289,1
0.00031955648,0
0.62613356,0
0.021674117,0
0.050268758,0
0.0032635399,0
0.20115598,0
0.5790539,1
0.17471263,0
0.08803591,0
0.20327523,0
0.0009178301,0
0.163093,0
0.99713266,1
0.6900362,0
0.0007291467,0
0.28872004,0
0.002726682,0
0.011291113,0
0.7485208,1
0.011269128,0
0.22320397,0
0.012888857,0
0.25175124,0
0.0004367778,0
0.0064165494,0
0.16736808,0
0.0017546018,0
0.0064989724,0
0.00058312365,0
0.022715226,0
0.004780823,0
0.6170003,0
0.10988308,0
0.031768925,0
0.04428671,0
0.08746423,0
0.99942017,1
0.011801592,0
0.12213409,0
0.101647146,0
0.0001838517,0
0.20538239,0
0.04492886,0
0.012930103,0
0.007151434,0
0.017491765,0
0.0024194333,0
0.008635156,0
0.057527874,0
0.039482005,0
0.2666457,1
0.3788549,0
0.99364144,1
0.9978423,1
0.9954749,1
0.0035220124,0
0.00089786795,0
0.38650453,1
0.009610224,0
0.99183524,1
0.72285473,0
0.13356207,0
0.13534923,0
0.16816103,0
0.0006764763,0
0.98358107,1
0.021866448,0
0.16708323,0
0.01840324,0
0.0028816096,0
0.036645465,0
0.36393997,1
0.017000882,0
0.8641545,0
0.0005248962,0
0.47411206,0
0.0021120121,0
0.90051997,0
0.35736784,0
0.55893236,0
0.5175807,0
0.040715035,0
0.0070843,0
0.40529507,1
0.0011240859,0
0.032132532,0
0.012839363,0
0.11591409,0
0.068836346,0
0.99683595,1
0.004495133,0
0.0046675564,0
0.26050806,0
0.8624976,1
0.0007129785,0
0.3118554,1
0.00669437,0
0.012733026,0
0.00607215,0
0.05006482,0
0.0009659362,0
0.02403343,0
0.36966786,1
0.28664365,0
0.06944779,0
0.018371576,0
0.006635145,0
0.37368366,0
0.50137687,0
0.00013871917,0
0.00021415242,0
0.010280811,0
0.09668201,0
0.0029381823,0
0.15119515,0
0.0044158683,0
0.004264177,0
0.007901413,1
0.14447153,0
0.28402004,0
0.031899806,0
0.055848684,0
0.009617374,0
0.03555494,0
0.28327253,1
0.52891004,0
0.14821546,0
0.34635702,0
0.7167799,0
0.05119851,1
0.98294353,1
0.020020831,0
0.030052459,0
0.040117975,0
0.039009,0
0.0003822511,0
0.12968697,0
0.757702,1
0.0032319406,0
0.00085040845,0
0.03788644,0
0.18163347,0
0.06870148,0
0.0003078182,0
0.0018735495,0
0.00032070559,0
0.7247308,0
0.60282606,1
0.03468106,0
0.734031,0
0.19567858,0
0.4793256,1
0.04528421,0
0.004333633,0
0.022079112,0
0.00054266007,0
0.41057962,0
0.010657713,0
0.76273626,1
0.003003359,0
0.70811045,1
0.998823,1
0.0016415031,0
0.0018941846,0
0.0911234,0
0.048958667,0
0.6478345,1
0.004321753,0
0.99554884,1
0.37085053,1
0.0004953388,0
0.0031822794,0
0.8119597,1
0.06334335,0
0.03457913,0
0.0081508,0
0.99928445,1
0.9950637,1
0.006115343,0
0.20991147,0
0.18917245,0
0.10166589,0
0.99852043,1
0.028167745,0
0.6781,1
0.5725989,0
0.5778001,0
0.034543015,0
0.1778414,1
0.70236313,1
0.032412965,0
0.0028021846,0
0.513224,0
0.0005907054,0
0.00023192754,0
0.004698343,0
0.16275841,0
0.50442755,1
0.0005406291,0
0.011055595,0
0.028836766,0
0.09247566,0
0.3175761,0
0.00058937306,0
0.15609924,0
0.034401417,0
0.0112917945,0
0.07092396,0
0.16223365,0
0.99899226,1
0.026395082,0
0.6817411,1
0.32287136,0
0.3791204,0
0.19612074,1
0.48443863,1
0.00034673407,0
0.059073046,0
0.050392002,0
0.66540813,1
0.9817856,1
0.061997022,0
0.0033589622,0
0.0038182358,0
0.6748446,1
0.010226888,0
0.009158253,0
0.0023564312,0
0.1851967,1
0.098320395,0
0.99900824,1
0.015196061,0
0.1822152,0
0.004104763,0
0.15781057,0
0.11464039,0
0.03635584,0
0.0023473217,0
0.2207055,0
0.00021777062,0
0.07957756,0
0.0017689907,0
0.035034478,0
0.090579726,0
0.0040256623,0
0.0004916492,0
0.4577736,0
0.99617887,1
0.0018003697,0
0.08738618,0
0.04687519,0
0.15928338,0
0.33767304,0
0.21615705,1
0.78986424,1
0.05581551,0
0.001160622,0
0.4833993,1
0.031667158,0
0.32976627,1
0.0415885,0
0.39461404,1
0.4523193,0
0.015702656,0
0.19571786,0
0.9003001,1
0.0026970587,0
0.010731806,0
0.008742206,0
0.25664574,0
0.00059897953,0
0.19544536,0
0.98724025,1
0.07222226,0
0.0127016185,0
0.7793027,1
0.00039442725,0
0.5707367,1
0.14120655,0
0.0064744307,0
0.5756481,1
0.9916232,1
0.3853904,0
0.20307639,0
0.19910379,1
0.1001705,0
0.03183546,0
0.38970828,1
0.33950883,0
0.99899656,1
0.7618375,1
0.9901904,1
0.0151767135,0
0.70835793,1
0.25162387,0
0.0012197224,0
0.008169228,0
0.0039058197,0
0.13625859,1
0.01599648,0
0.2812512,0
0.30719447,0
0.053464685,0
0.133709,0
0.71411633,1
0.0002253203,0
0.034947645,0
0.0056537366,0
0.02379793,0
0.019276988,0
0.044512507,0
0.001493827,0
0.05060518,0
0.44380963,0
0.0050553554,0
0.1788006,0
0.045409493,0
0.00088666455,0
0.9985864,1
0.0019546417,0
0.023974963,0
0.0043665054,0
0.5624033,1
0.31517023,0
0.40549624,0
0.96118736,1
0.03167447,1
0.021924937,0
0.19827197,0
0.04723636,0
0.48636547,0
0.12896259,0
0.05799657,0
0.04295861,0
0.45901212,0
0.013590592,0
0.0054263514,0
0.031493872,0
0.01634984,0
0.52798986,1
0.16736059,0
0.08199601,0
0.00232429,0
0.3153303,0
0.43276322,1
0.26144785,0
0.20141965,0
0.76201403,1
0.9994924,1
0.0003529857,0
0.08153888,0
0.004099242,0
0.012745032,0
0.0010570321,0
0.04630842,0
0.10082498,0
0.35287642,0
0.017634928,0
0.08441492,0
0.0014442145,0
0.0021242525,0
0.45619684,1
0.0048827846,0
0.035191964,0
0.3819031,0
0.99939454,1
0.46676862,1
0.8694662,1
0.033643376,0
0.99850994,1
0.33136114,1
0.0102939345,0
0.7978614,0
0.00087925885,0
0.01896625,0
0.15501755,0
0.25114286,0
0.97832173,1
0.286712,0
0.21252023,0
0.23972782,1
0.055110075,0
0.00081094354,0
0.034108855,0
0.039560895,0
0.80820626,0
0.0016400855,0
0.023395848,0
0.017366143,0
0.011856175,0
0.9832009,1
0.04944603,0
0.05289609,1
0.21383594,1
0.7801925,1
0.120387875,0
0.29378262,0
0.40742686,1
0.10195456,0
0.88314,1
0.47794023,0
0.9491988,1
0.7743366,1
0.0045345193,0
0.86227965,1
0.025219962,1
0.020795463,0
0.00077902345,0
0.010735836,0
0.0035938416,0
0.32938403,0
0.00035519473,0
0.35083652,0
0.7897374,1
0.18821041,0
0.20473318,1
0.028878763,0
0.44567144,1
0.5114936,0
0.11700512,0
0.32879946,0
0.0063464316,0
0.037433524,0
0.025304994,0
0.21073705,1
0.33907744,1
0.0019423612,0
0.007906079,0
0.0004481022,0
0.0009551425,0
0.01911155,0
0.20991147,0
0.00030388552,0
0.004435845,0
0.16086681,0
0.042169325,0
0.012184166,0
0.0011533491,0
0.041383762,0
0.13797036,0
0.8701064,1
0.00021859046,0
0.00047352334,0
0.15412235,1
0.0005588229,0
0.00020706827,0
0.064196765,0
0.80939484,1
0.20556307,0
0.3970192,1
0.70217496,0
0.0193888,0
0.45663422,0
0.017993437,0
0.10220278,0
0.5330903,0
0.0071740285,0
0.05722373,0
0.0009826954,0
0.031467028,0
0.3269212,0
0.013883806,0
0.4034255,0
0.76398927,1
0.00812094,0
0.0042427955,0
0.6816305,1
0.6135608,1
0.0039691073,0
0.0013182932,0
0.0033126934,0
0.60658294,0
0.035350427,0
0.73248655,0
0.0025882132,0
0.063493334,0
0.99365085,1
0.00715828,0
0.008360889,0
0.025318822,0
0.051352825,0
0.015118384,0
0.0015733046,0
0.024373554,0
0.30177593,0
0.99819833,1
0.058292028,0
0.000738921,0
0.0064221425,0
0.007167524,0
0.00014074493,0
0.00092695345,0
0.050251227,0
0.47191793,1
0.00039866203,0
0.68998575,1
0.0009496839,0
0.015330357,0
0.004617142,0
0.024978613,0
0.0034502295,0
0.07129113,0
0.0237286,0
0.0100178495,0
0.055219047,0
0.14443903,1
0.004141515,0
0.20427133,0
0.0022947884,0
0.3580314,0
0.99862206,1
0.021436127,0
0.32950738,0
0.06462489,0
0.6105069,0
0.18143888,1
0.25336435,0
0.36827964,1
0.002152912,0
0.50060415,0
0.00015164718,0
0.9986732,1
0.5169047,1
0.17347927,0
0.50793433,1
0.7566549,0
0.0041743354,0
0.1911042,1
0.0038712919,0
0.47979856,0
0.77248716,0
0.0060560466,0
0.019382449,0
0.0002185396,0
0.010271215,0
0.028792532,0
0.046282608,0
0.62038124,0
0.028015273,0
0.07230818,1
0.11209262,1
0.003278787,0
0.6494656,0
0.04584212,0
0.11403514,0
0.00028726377,0
0.12823223,0
0.30202788,1
0.31173795,0
0.13375595,0
0.007993105,0
0.06979936,0
0.009661252,0
0.0098031955,0
0.45062888,1
0.002573059,0
0.068818115,0
0.0006057546,0
0.6236848,1
0.00076926075,0
0.0018055023,0
0.027377669,0
0.051607598,0
0.998309,1
0.009624908,0
0.004839667,0
0.0003322417,0
0.85084295,1
0.0013567699,0
0.0047954107,0
0.5303507,1
0.11348644,0
0.9643574,1
0.6651773,0
0.9966304,1
0.04890135,0
0.13782068,1
0.5161491,0
0.67466265,0
0.00019923346,0
0.0047205063,0
0.004770756,0
0.02837984,0
0.00031303754,0
0.054875977,0
0.09258906,0
0.9966271,1
0.032057438,0
0.020453675,0
0.0027806552,0
0.035814643,0
0.9991217,1
0.64710104,1
0.17794004,0
0.017225802,0
0.0046939924,0
0.30680633,0
0.026113564,0
0.31022483,0
0.0022438394,0
0.08058021,0
0.08453107,0
0.37726772,0
0.022311999,0
0.048594266,0
0.01001715,0
0.575576,1
0.1075451,0
0.3975805,1
0.016875304,0
0.009223731,0
0.28035033,0
0.99901617,1
0.05109456,0
0.9976654,1
0.0033489128,0
0.37893525,0
0.016688302,0
0.047785338,0
0.14531434,0
0.009217945,0
0.4642712,0
0.9984465,1
0.95428085,1
0.011171382,0
0.033768494,0
0.33835435,0
0.10000223,0
0.16488934,1
0.9994475,1
0.0029322947,0
0.036414284,0
0.003982737,0
0.010539409,0
0.019128917,0
0.9387397,1
0.09849599,0
0.0005710971,0
0.010519011,0
0.40100417,0
0.32218808,1
0.02278243,0
0.5044417,1
0.46160722,0
0.09649167,0
0.9968952,1
0.01120321,0
0.027920978,0
0.016127968,0
8.1503465e-05,0
0.026488377,0
0.7687205,1
0.0076133413,0
0.013797778,0
0.3567734,0
0.036723472,0
0.00038904676,0
0.26539648,1
0.6178733,1
0.0077440226,0
0.21191809,1
0.002598773,0
0.22918491,0
0.33215055,0
0.48831654,0
0.99710673,1
0.002224718,0
0.2757819,0
0.45238677,0
0.010270415,0
0.006650723,0
0.4820144,0
0.39379284,1
0.022896938,0
0.13730396,0
0.076840684,0
0.057788976,0
0.09150095,0
0.017885631,0
0.024082746,0
0.033456504,0
0.00026138985,0
0.08248997,0
0.033372477,0
0.037282635,0
0.98860055,1
0.20723397,0
0.17167303,0
0.0053583663,0
0.256703,0
0.00094935595,0
0.5234387,1
0.9773203,1
0.008448243,0
0.3335744,1
0.99740666,1
0.16920774,1
0.033193953,0
0.0069212555,0
0.24364665,0
0.10146492,0
0.6777158,0
0.09474262,0
0.04670216,0
0.00059017126,0
0.7004216,1
0.76197135,1
0.0074012447,0
0.24342325,0
0.080869384,0
0.00055483676,0
0.08262739,0
0.05924272,0
0.0002528563,0
0.002382668,0
0.085596986,0
0.014480915,0
0.08365728,0
0.082354985,0
0.034398157,0
0.075872004,0
0.91794467,1
0.9888948,1
0.15140939,0
0.0030727878,0
0.10303807,0
0.09323592,0
0.091357954,0
0.1285993,0
0.0025929334,0
0.60739094,0
0.14664504,1
0.023342304,0
0.341525,0
0.038467593,0
0.72029614,1
0.21717724,0
0.4575678,1
0.59767115,0
0.00036968177,0
0.98354715,1
0.0016202976,0
0.37125,1
0.3499916,0
0.18523099,0
0.010665328,0
0.013511337,0
0.6229768,0
0.0027235278,0
0.032136958,0
0.09367742,0
0.19972694,0
0.5746558,1
0.052930832,0
0.7983606,1
0.03271956,0
0.0060077743,0
0.5533823,0
0.9989292,1
0.07531126,0
0.020598985,0
0.72132456,1
0.034981016,0
0.6578917,1
0.22098674,1
0.00082938647,0
0.998782,1
0.0010685897,0
0.21474676,0
0.0041845283,0
0.71149606,1
0.067127064,0
0.08175352,0
0.34692463,1
0.9430687,1
0.0070388354,0
0.6594906,1
0.0006610681,0
0.1364509,0
0.2975785,0
0.00058167905,0
0.34309515,0
0.0005915076,0
0.99605703,1
0.12348726,0
0.0120984595,0
0.023250083,0
0.03270598,0
0.011826477,0
0.009391019,0
0.4557619,0
0.00035523772,0
0.034082707,0
0.9679197,1
0.05219585,0
0.032251544,0
0.064020485,0
0.069816425,0
0.998454,1
0.99870336,1
0.1819276,1
0.021593979,0
0.047822878,0
0.46482986,1
0.26073065,0
0.004728423,0
0.5556516,0
0.00029287234,0
0.0001851071,0
0.10335642,0
0.07025758,0
0.18974303,0
0.002776628,0
0.02973149,0
0.29866493,0
0.006865182,0
0.16766427,0
0.98299545,1
0.37294504,0
0.21775332,1
0.012288534,0
0.06329496,0
0.017970383,0
0.1984193,0
0.0012005578,0
0.5708884,1
0.06777678,0
0.3577325,1
0.0012492506,0
0.0020230561,0
0.0024402926,0
0.5990591,1
0.04651238,1
0.20286731,0
0.0040100915,0
0.0068165064,0
0.051638342,0
0.5114691,0
0.04261332,0
0.0013027944,0
0.124851614,0
0.28409395,1
0.0011196512,0
0.6071894,1
0.0025164988,0
0.42660335,0
0.03536221,0
0.98631096,1
0.9989893,1
0.04305105,0
0.44301146,0
0.25744605,0
0.0021912355,0
0.12001958,0
0.000428424,0
0.009795742,0
0.99768996,1
0.010670899,0
0.54725116,0
0.31047747,0
0.004955652,0
0.5332806,1
0.9968262,1
0.0011953971,0
0.062029812,0
0.5839434,0
0.010532962,0
0.020088082,0
0.728091,0
0.30904144,1
0.08814291,0
0.5349614,1
0.97316337,1
0.0052879537,0
0.009156613,0
0.2716795,1
0.12423383,0
0.9931845,1
0.015310085,0
0.3182013,0
0.48201433,1
0.43174994,0
0.58404654,0
0.15000828,0
0.016763391,0
0.00795336,0
0.99891853,1
0.020214872,0
0.0011903561,0
0.6753158,1
0.99905723,1
0.9430939,1
0.99903345,1
0.9978421,1
0.9914317,1
0.8259174,1
0.23332867,0
0.00022261219,0
0.7550286,1
0.0020536273,0
0.0034052427,0
0.65784055,0
0.7920063,1
0.2670652,0
0.067074545,0
0.0002800913,0
0.23543411,0
0.2874194,0
0.004947641,0
0.008319157,0
0.9451089,1
0.0114085255,0
0.14905973,0
0.10129993,0
0.0025898644,0
0.78225714,1
0.26961425,1
0.01532085,0
0.069833815,0
0.244597,0
0.01628173,0
0.6950897,1
0.05101852,0
0.001995135,0
0.080148295,0
0.97995275,1
0.019505082,0
0.0069818394,0
0.08580721,0
0.9988919,1
0.03803095,0
0.39915803,0
0.08010883,0
0.11697275,0
0.69157153,0
0.99894065,1
0.5525115,1
0.008321577,0
0.5878379,1
0.5306902,1
0.0075425603,0
0.19163945,1
0.00573032,0
0.028156824,0
0.00044842504,0
0.08054159,0
0.00016154702,0
0.031976026,0
0.2291579,0
0.94974476,1
0.0013028278,0
0.0004487342,0
0.036211383,0
0.15065259,0
0.63299006,1
0.0064352145,0
0.16914499,0
0.04136004,0
0.040855616,0
0.14442241,0
0.1449722,0
0.7775568,1
0.52355075,0
0.74108094,0
0.3056397,0
0.0049240966,0
0.0015470153,0
0.33741233,0
0.06918419,0
0.99524504,1
0.00018525205,0
0.6875717,1
0.7485468,1
0.5657841,1
0.0007715307,0
0.34087285,1
0.33740285,0
0.625884,0
0.15453024,0
0.5193025,0
0.0011839883,0
0.9891698,1
0.16550273,0
0.062238954,0
0.13313647,0
0.018817628,0
0.036588054,1
0.5715009,0
0.06539356,0
0.0008478339,0
0.0022815655,0
0.9790446,1
0.090637594,0
0.9979746,1
0.09845117,0
0.0048216702,0
0.0050916956,0
0.093015544,0
0.114461444,0
0.74193984,0
0.44123262,0
0.00035910617,0
0.00024895347,0
0.13849545,0
0.86534584,1
0.6344146,1
0.7248951,1
0.7607033,1
0.0034595942,0
0.046636607,0
0.008225355,0
0.099988796,0
0.005018754,1
0.0026173561,0
0.56982917,0
0.005505124,0
0.0063916664,0
0.5224429,0
0.13068828,1
0.013922383,0
0.028517025,0
0.9882123,1
0.012429883,0
0.2816615,0
0.9983735,1
0.0990346,0
0.033073425,0
0.00015192594,0
0.20864421,0
0.05236479,0
0.34101722,0
0.092899166,0
0.011409402,0
0.043378904,0
0.0030751037,0
0.3172114,0
0.01392186,0
0.0058933897,0
0.7996751,1
0.3612891,0
0.993771,1
0.1675577,0
0.02238287,0
0.107596666,1
0.32048526,0
0.00030158262,0
0.026274282,0
0.00014091452,0
0.00027826751,0
0.14056414,0
0.003453108,0
0.00060649577,0
0.00059440715,0
0.021796916,0
0.05718761,0
0.29740104,1
0.01262209,0
0.0037924573,0
0.013768066,0
0.0102876695,0
0.17161284,0
0.038901802,0
0.99878496,1
0.67870885,0
0.1438783,0
0.025891678,0
0.14604293,0
0.057034254,0
0.010678987,0
0.058877327,0
0.00036345006,0
0.008476551,0
0.5537026,0
0.48231176,0
0.0070840013,0
0.049711768,0
0.13651028,0
0.03120785,0
0.10796377,0
0.0032186392,0
0.00014441262,0
0.0006088591,0
0.0013124839,0
0.18925971,1
0.05049774,0
0.015087068,0
0.46060255,1
0.025820842,0
0.27105087,0
0.001500319,0
0.0063671833,0
0.34430957,0
0.51100725,1
0.00031206134,0
0.03029103,0
0.99432254,1
0.013948599,0
0.99777395,1
0.006429187,0
0.01835359,0
0.9980788,1
0.00053929683,0
0.015556466,0
0.00197625,0
0.32597128,0
0.324092,0
0.29592466,0
0.043674346,0
0.002803893,0
0.015695985,0
0.031743728,0
0.82147306,1
0.05270547,0
0.8207392,1
0.02019336,0
0.5654034,0
0.0003169091,0
0.008271551,0
0.99713147,1
0.74391943,1
0.00042719117,0
0.25898582,1
0.025433093,0
0.01136292,0
0.71602464,1
0.17392327,0
0.0320999,0
0.237167,0
0.29657558,0
0.024431704,0
0.53041583,0
0.014674758,0
0.088253945,0
0.014538661,0
0.85869277,1
0.8216551,0
0.37587163,0
0.033746444,0
0.98734564,1
0.26861468,0
0.34543645,0
0.0041743354,0
0.13583627,0
0.067642935,0
0.22474025,0
0.0010186951,0
0.035145808,1
0.36768708,1
0.1615415,0
0.03878891,0
0.0035710891,0
0.06942895,0
0.22478646,0
0.77419686,1
0.0053671384,0
0.15363213,0
0.70123553,1
0.021976134,0
0.0085290745,0
0.62009406,1
0.00081356,0
0.018920733,0
0.36463287,0
0.35715547,0
0.99861443,1
0.0003969525,0
0.28860468,0
0.12562045,0
0.1196182,0
0.007827457,0
0.7325685,1
0.9922465,1
0.9834452,0
0.72982013,1
0.004030596,0
0.0017809642,0
0.00053041195,0
0.002496893,0
0.09000481,0
0.61047053,1
0.12436034,0
0.25764215,0
0.0034619079,0
0.035022456,0
0.0061319517,0
0.0009287812,0
0.5467718,0
0.0014913197,0
0.012503075,0
0.022794444,0
0.23866358,0
0.024183974,0
0.107956946,0
0.036926612,0
0.23318307,0
0.030621057,0
0.17219096,0
0.03430482,0
0.33136314,0
0.13469684,0
0.566966,1
0.7981471,0
0.72909456,1
0.484395,0
0.00022554706,0
0.25667447,1
0.05303666,0
0.9969246,1
0.59620965,0
0.46530324,0
0.015114494,0
0.011301232,0
0.00017176388,0
0.0038176628,0
0.33307353,0
0.42391396,1
0.6365124,1
0.65510184,0
0.47321743,0
0.13041097,1
0.74241376,1
0.4794218,0
0.009746601,0
0.012972334,0
0.04028745,0
0.010709383,0
0.5060044,0
0.021192273,0
0.004370062,0
0.00021777062,0
0.6571499,1
0.0014244078,0
0.0843258,0
0.11710174,0
0.00061467313,0
0.09134064,0
0.08966499,0
0.103579156,0
0.6533507,1
0.00033834582,0
0.33092567,0
0.009011192,0
0.45205444,1
0.0026540526,0
0.96708316,1
0.002549086,0
0.0010825075,0
0.781939,0
0.32874894,0
0.0048354478,0
0.010658262,0
0.45944443,0
0.3316258,1
0.53386515,0
0.48781663,0
0.002529891,0
0.7290715,1
0.64776057,0
0.043059617,0
0.07291442,0
0.27134907,1
0.110489644,0
0.43424624,0
0.00234526,0
0.24463864,1
0.006103518,0
0.22211885,1
0.000759541,0
0.42008716,0
0.18045512,0
0.00017534888,0
0.073027045,0
0.0054179737,0
0.018629171,0
0.7047017,1
0.4239212,0
0.99781454,1
0.14689472,0
0.013907367,0
0.42419392,0
0.0001922594,0
0.33813524,0
0.23474716,0
0.3771681,1
0.0068773194,0
0.006397283,0
0.0058214744,0
0.27329925,0
0.04458227,0
0.027674723,0
0.5355814,1
0.022093572,0
0.011241428,0
0.00013405086,0
0.7557721,1
0.24148703,0
0.19757506,0
0.02943411,0
0.10506014,0
0.010125975,0
0.015548085,0
0.01731192,0
0.028789505,0
0.9855634,1
0.719086,1
0.002809493,0
0.25543213,0
0.009331147,0
0.22857624,0
0.0010437678,0
0.1318551,0
0.50015944,1
0.6441698,1
0.0010952934,0
0.0077250926,0
0.0051395404,0
0.27554747,1
0.32404345,0
0.00048395956,0
0.24938785,0
0.24312286,1
0.07618647,0
0.2343271,0
0.018666016,0
0.1770655,0
0.0010485331,0
0.048869494,0
0.39648142,1
0.62756056,1
0.016800985,0
0.04241297,0
0.031882714,0
0.0028844636,0
0.25810182,0
0.06643994,0
0.46612036,1
0.002718784,0
0.11705755,0
0.5154659,1
0.0021414135,0
0.4280049,1
0.9985668,1
0.032782663,0
0.01752611,0
0.0026368066,0
0.37373376,0
0.0014698732,0
0.13110805,0
0.20701353,0
0.029935312,0
0.635004,1
0.04884528,0
0.017771656,1
0.003396472,0
0.09040665,0
0.002657689,0
0.13331038,0
0.1519147,0
0.8991807,1
0.68698555,1
0.6551075,1
0.0027994276,0
0.00454546,0
0.010216752,0
0.45411095,0
0.28083566,0
0.021791145,0
0.05607453,0
0.044088773,0
0.4575483,1
0.058079217,1
0.0037438853,0
0.90134144,1
0.030729925,0
0.010918315,0
0.04852699,0
0.033044368,0
0.006140332,0
0.021814698,0
0.03562551,0
0.01466466,0
0.027849082,1
0.039400972,0
0.009583344,0
0.01011157,0
0.0003657523,0
0.027880898,0
0.12576771,0
0.5030656,0
0.054809842,0
0.019463744,0
0.05549404,0
0.69135773,1
0.15306357,0
0.015050163,0
0.4228766,1
0.052152228,0
0.016686706,0
0.2932173,0
0.37912557,0
0.9674068,1
0.20545666,0
0.0019137176,0
0.67480475,0
0.0003439906,0
0.82848495,1
0.15374166,0
0.014228731,0
0.0018388316,0
0.0054453635,0
0.30875802,0
0.19895643,0
0.35648462,0
0.0051801573,0
0.27488822,0
0.5313415,0
0.9889893,1
0.48532113,1
0.0029889015,0
0.00048453402,0
0.087598726,0
0.001490109,0
0.02207081,0
0.7853443,1
0.017444119,0
0.25531438,0
0.5353853,0
0.07541021,0
0.16068722,1
0.06616238,0
0.30116796,1
0.017977461,0
0.00074519304,0
0.042359803,0
0.00076467195,0
0.0027107708,0
0.20180206,0
0.9980089,1
0.013184389,0
0.00077661965,0
0.31931058,1
0.0048803315,0
0.99768674,1
0.9986664,1
0.036920298,0
0.69927835,0
0.4587774,0
0.5885819,1
0.987187,1
0.02456708,0
0.016337123,0
0.96765155,1
0.50653857,1
0.9905551,1
0.98661405,1
0.16909435,1
0.9973713,1
0.016827637,0
0.042824,0
0.052149314,1
0.99211884,1
0.9850093,1
0.0024526978,0
0.6552892,1
0.08074894,0
0.17199592,0
0.4154049,1
0.02667402,0
0.015365774,0
0.15169047,1
0.0020060341,0
0.0055456497,0
0.5280676,0
0.113359086,0
0.00045191526,0
0.08743259,0
0.06201037,1
0.0031073182,0
0.2757891,1
0.0044487007,0
0.0033669262,0
0.05727968,1
0.41503304,0
0.0045055947,0
0.08223138,1
0.046092007,0
0.009863994,0
0.21591419,0
0.47080892,0
0.7217596,1
0.44568557,0
0.15130468,0
0.4763864,1
0.6771958,1
0.0059628943,0
0.0021947278,0
0.0036261603,0
0.5120045,1
0.00044176533,0
0.018461294,0
0.33592036,0
0.71227014,1
0.006468112,0
0.4847648,1
0.041092664,0
0.023742732,0
0.011333731,0
0.07242678,0
0.07073627,0
0.020962622,0
0.19510575,0
0.04485023,0
0.005577232,0
0.9979607,1
0.02470928,0
0.1502248,0
0.0017838589,0
0.0026262626,0
0.00044123252,0
0.12214144,0
0.006126961,0
0.00030912485,0
0.0041829194,0
0.0012752813,0
0.0042641205,0
0.20368023,0
0.98472255,1
0.0023242836,0
0.00032863347,0
0.3570678,1
0.00044048345,0
0.00031798528,0
0.027509937,0
0.00025234956,0
0.003595051,0
0.003818212,0
0.5687262,1
0.003140175,0
0.9973449,1
0.12760735,0
0.100877,1
0.04950865,0
0.002298769,0
0.00030530177,0
0.7058018,1
0.013895387,0
0.05601901,0
0.0018183249,0
0.15941003,0
0.05063983,0
0.0003117301,0
0.00027135143,0
0.003835871,0
0.017040962,0
0.0003952299,0
0.0036386827,0
0.009522247,0
0.23512663,0
0.068800084,0
0.018075217,0
0.002333317,0
0.28446886,1
0.6985003,1
0.38314286,0
0.03278531,0
0.99368095,1
0.11927841,0
0.007508495,0
0.06760862,0
0.078752756,0
0.996627,1
0.0004627392,0
0.43635336,1
0.9612037,1
0.016911512,0
0.0139589785,0
0.04940334,0
0.35343263,0
0.00076997466,0
0.103906,0
0.17735627,0
0.8118844,1
0.6272298,1
0.063020706,0
0.019059183,0
0.031230038,0
0.97816235,1
0.0025912703,0
0.8597942,1
0.0012053428,0
0.00054512516,0
0.03824912,0
0.1077589,0
0.8261076,1
0.07201288,0
0.71088994,0
0.008235584,0
0.059503045,0
0.0018947781,0
0.00061897765,0
0.99932337,1
0.33833644,0
0.24952276,0
0.023366466,0
0.016509887,0
0.10005071,1
0.008717967,0
0.0032071217,0
0.52944446,1
0.0005171736,0
0.75723034,0
0.00024306802,0
0.0018629939,0
0.19467008,1
0.043372616,0
0.004756696,0
0.73757094,0
0.57614666,1
0.0049660187,0
0.0645809,1
0.0009804121,0
0.14462948,1
0.2944648,0
0.124065466,0
0.5400436,0
0.3864962,0
0.00606793,0
0.32555327,0
0.008586638,0
0.12098352,0
0.42751506,1
0.023746444,0
0.06492154,0
0.12572652,1
0.8799917,1
0.08816754,0
0.17108777,0
0.21619591,0
0.995274,1
0.020394636,0
0.0351137,0
0.0039944425,0
0.00067423197,0
0.2270392,1
0.0025677863,0
0.029314008,0
0.047755394,0
0.17988785,1
0.006653046,0
0.62894964,0
0.030169664,0
0.99935883,1
0.0136485575,0
0.78059846,1
0.48406622,0
0.3343237,0
0.75553876,0
0.53677815,1
0.047362626,0
0.09703402,0
0.00024467777,0
0.7959191,1
0.002393058,0
0.177543,0
0.55424577,1
0.024275798,0
0.5335266,0
0.84177375,1
0.050412253,0
0.013240547,0
0.12353803,0
0.6151784,0
0.5677423,1
0.8880903,1
0.4831283,1
0.9793188,1
0.007543603,0
0.99481285,1
0.41718337,1
0.7759317,1
0.008721434,0
0.00039410326,0
0.013136036,0
0.8640277,0
0.7407656,1
0.49380296,1
0.9839506,1
0.07832903,0
0.017650414,0
0.7620786,1
0.29923922,0
0.10593331,0
0.028396966,0
0.6611686,0
0.08054463,0
0.25219867,0
0.99777776,1
0.04023903,0
0.0126737775,0
0.030766923,0
0.061516445,0
0.0004258308,0
0.17537074,0
0.13913417,1
0.21226619,0
0.9986979,1
0.014156286,0
0.23225586,0
0.15379415,0
0.111589365,1
0.009425233,0
0.023292853,0
0.38923025,0
0.015011017,0
0.10739073,0
0.1455704,0
0.0014063228,0
0.58957154,0
0.9978259,1
0.0002083943,0
0.25750118,0
0.19341289,0
0.6559201,1
0.29781953,1
0.017971646,0
0.017419862,0
0.026675494,0
0.21967597,0
0.030968009,0
0.21758594,1
0.00769094,0
0.06830049,0
0.37860614,0
0.44728488,0
0.28516158,0
0.9779946,1
0.009662037,1
0.017342024,1
0.0025556632,0
0.35829765,0
0.22112669,0
0.013234274,0
0.0035972667,0
0.9992467,1
0.06963494,0
0.00018773098,0
0.0027995887,0
0.013050699,0
0.01855723,0
0.04864181,0
0.05110151,0
0.7145641,1
0.84008247,1
0.99840194,1
0.9887116,1
0.28100866,0
0.12830646,0
0.2183629,0
0.38520062,0
0.022565966,0
0.14228408,0
0.051911775,0
0.074562274,0
0.010125397,0
0.20280804,0
0.005844691,0
0.35627812,0
0.03880698,0
0.08673517,0
0.0045872964,0
0.9923254,1
0.39206475,0
0.42140952,1
0.03282604,0
0.07919205,0
0.19708812,0
0.020827817,0
0.02632156,0
0.0009616764,0
0.041501757,1
0.0007255984,0
0.64799434,1
0.0072211316,0
0.9988883,1
0.021809978,0
0.01774716,0
0.25608557,0
0.0071449233,0
0.011392585,0
0.009306437,0
0.091300875,0
0.021282738,0
0.51974905,1
0.32842436,0
0.103977464,0
0.06731185,0
0.7747231,0
0.017616713,0
0.0007460699,0
0.008969274,0
0.0036416298,0
0.0002177019,0
0.024014903,0
0.031122463,0
0.006632826,0
0.003987149,0
0.0005604824,0
0.68941385,1
0.20991147,0
0.20818095,0
0.48788574,0
0.03434795,0
0.003475156,0
0.65525824,1
0.0069907675,0
0.20860891,0
0.3828247,0
0.01720655,0
0.67387646,0
0.4401432,1
0.2211303,0
0.021085186,0
0.9682265,1
0.28646272,0
0.17201704,0
0.026454777,0
0.5930968,1
0.19442734,0
0.0056161126,0
0.18048066,0
0.15922284,0
0.00030229366,0
0.0058312104,0
0.09308246,0
0.17996019,0
0.09965048,0
0.26295274,1
0.9810708,1
0.007064651,0
0.019943938,0
0.14908509,0
0.0009921863,0
0.030091548,0
0.013986302,0
0.10903208,1
0.10696089,0
0.9992557,1
0.7396454,1
0.03887931,0
0.008269673,0
0.02158621,0
0.00077963795,0
0.33870786,1
0.023516005,0
0.04719179,0
0.011979252,0
0.5543875,1
0.014800279,0
0.7631477,1
0.0019207909,0
0.2869551,0
0.019829981,0
0.024018217,0
0.0013821976,0
0.41107553,0
0.0003266998,0
0.061883073,0
0.2642392,0
0.9844216,1
0.100329876,1
0.066344626,0
0.12692997,0
0.12502576,0
0.28035033,1
0.009189743,0
0.00044988416,0
0.99896216,1
0.6254342,1
0.02659857,0
0.035506748,0
0.7197897,1
0.011792565,0
0.14207388,0
0.032513514,0
0.20991147,0
0.004703064,0
0.22716588,0
0.39596584,1
0.017528992,0
0.11926737,0
0.00036679406,0
0.00835809,0
0.99946684,1
0.3120146,0
0.008067527,0
0.013511006,0
0.9710514,1
0.15880534,0
0.007959111,0
0.42905945,1
0.0010017735,0
0.049185973,0
0.99901295,1
0.45277247,0
0.59372526,1
0.5285803,0
0.00042652548,0
0.23307899,1
0.0066147535,0
0.21145254,0
0.02490622,0
0.99747664,1
0.2775599,0
0.18259586,1
0.09848003,0
0.040584087,0
0.0057483576,0
0.00064792787,0
0.10031139,0
0.00047015795,0
0.55356026,1
0.56311166,0
0.7247414,0
0.2612792,1
0.003867269,0
0.00027672085,0
0.23994276,0
0.19080086,1
0.038437877,0
0.0055499747,0
0.5146851,1
0.07527806,0
0.18818735,0
0.008563867,0
0.0064639826,0
0.5935136,1
0.08752234,1
0.019628206,0
0.79798913,0
0.000801616,0
0.28400972,0
0.43963796,0
0.035764076,0
0.044968624,0
0.1845245,1
0.17788054,0
0.0013916284,0
0.0037605641,0
0.31144243,1
0.3658934,0
0.0019790912,0
0.35398483,0
0.07362732,0
0.020661503,0
0.0036060077,0
0.05944323,0
0.4228788,1
0.4962742,0
0.0005225866,0
0.18937337,0
0.99854726,1
0.000267376,0
0.045511376,0
0.0006762681,0
0.884661,1
0.0008846957,0
0.34623507,0
0.03773797,0
0.051589735,0
0.079119615,0
0.06136492,0
0.47687972,0
0.0018093375,0
0.2750748,0
0.028905438,0
0.0021839787,0
0.30047882,0
0.62093645,1
0.07007736,0
0.03848362,0
0.04132415,0
0.08540909,1
0.2703279,0
0.57819724,1
0.021382987,0
0.041956067,0
0.59402335,1
0.00025790362,0
0.04787233,0
0.08206355,0
0.15471114,0
0.5074983,0
0.07877888,0
0.53318644,0
0.11791764,0
0.035255693,0
0.0059925136,0
0.13774014,0
0.025511475,1
0.30786794,0
0.9991008,1
0.026054097,0
0.00094356976,0
0.0018646172,0
0.0036517407,0
0.014233795,0
0.8686488,0
0.3689332,1
0.00029845315,0
0.49091998,1
0.103715934,0
0.0016157927,0
0.4703168,1
0.11818498,0
0.00073930837,0
0.17080107,0
0.006698321,0
0.9960479,1
0.013108305,0
0.0002794674,0
0.0030201252,0
0.17468108,0
0.52159554,1
0.00027734233,0
0.56416297,0
0.05253638,0
0.010526394,0
0.0015942659,0
0.0015320873,0
0.011270424,0
0.34973755,1
0.44620854,1
0.6288625,0
0.15604699,0
0.052545767,0
0.011079895,0
0.00057620386,0
0.008735519,0
0.06266086,0
0.67141336,0
0.68202734,1
0.006358974,0
0.08907431,0
0.003286969,0
0.029387427,0
0.9977276,1
0.11277443,0
0.5211555,0
0.24360074,1
0.98960364,1
0.0015818953,0
0.0034479366,0
0.41594973,0
0.99739957,1
0.041583043,0
0.00026802273,0
0.5181285,0
0.18383431,0
0.25024456,0
0.015645992,0
0.9992986,1
0.20760302,0
0.5676308,1
0.48443863,1
0.15285179,1
0.811342,0
0.32179618,0
0.9915889,1
0.077739306,0
0.0253304,0
0.0011012229,0
0.4661837,1
0.016301079,0
0.051807165,0
0.17115238,0
0.60532093,1
0.44174525,0
0.0330129,0
0.19737698,0
0.2091554,0
0.99954295,1
0.21201934,0
0.46901396,0
0.65828073,1
0.003257496,0
0.98923105,1
0.0027960127,0
0.83800143,1
0.034732893,0
0.053909365,0
0.00037173808,0
0.046951015,0
0.21799998,0
0.13507855,0
0.4677693,1
0.21114706,0
0.08741421,0
0.35130113,0
0.26297852,0
0.5337657,0
0.77800846,1
0.0055901185,0
0.002984795,0
0.3980442,0
0.009612916,0
0.8762268,1
0.0014139627,0
0.3709761,0
0.025590865,0
0.2384298,0
0.01207065,0
0.11296595,0
0.085084304,0
0.28043193,0
0.47391754,0
0.8336503,1
0.15047313,0
0.029264929,0
0.04437286,0
0.65787774,0
0.04459833,0
0.0029414808,0
0.18788649,0
0.18667305,1
0.024286045,0
0.016336564,0
0.9901812,1
0.033041913,0
0.03459338,0
0.63099855,1
0.004586543,0
0.0013356921,0
0.004615626,0
0.0077910717,0
0.023457747,0
0.9983103,1
0.09232666,0
0.0004553767,0
0.9509204,1
0.33184797,1
0.997433,1
0.0038892415,0
0.00032655,0
0.059541564,0
0.4098224,0
0.0029421747,0
0.9310225,1
0.003456679,0
0.29796442,0
0.01335557,0
0.55336756,1
0.038988415,0
0.73833746,0
0.0016374314,0
0.012118218,0
0.001223009,0
0.40798804,0
0.054040007,0
0.0027817315,0
0.025340721,0
0.34592474,1
0.12898374,0
0.00069185335,0
0.017085157,0
0.6795531,1
0.0040023914,0
0.13321276,0
0.004165718,0
0.053888056,0
0.015543545,0
0.5367532,1
0.014633584,0
0.5986777,0
0.009429802,0
0.016469434,0
0.3533871,0
0.5047327,0
0.7279477,0
0.21112025,1
0.85992855,1
0.57203305,1
0.017592443,0
0.14797942,1
0.4026369,0
0.023566531,0
0.18254802,0
0.99134606,1
0.003550322,0
0.377467,1
0.0018627333,0
0.0057739466,0
0.6698957,1
0.3930069,0
0.33898026,0
0.21468648,1
0.002681771,0
0.30926803,1
0.8055189,1
0.004169407,0
0.089147784,0
8.224573e-05,0
0.9003645,1
0.95549816,1
0.40060723,1
0.0014619095,0
0.13845572,0
0.011557496,0
0.008660138,0
0.00055275304,0
0.78881097,1
0.065794535,0
0.1991015,0
0.0026001995,0
0.38461772,1
0.028564872,0
0.021621319,0
0.2348682,0
0.0018619462,0
0.7241777,1
0.006868762,0
0.00086688454,0
0.016521923,0
0.38955933,0
0.014418767,0
0.19926345,1
0.5016876,0
0.99938285,1
0.0019418068,0
0.024076387,0
0.04776915,1
0.553843,0
0.0064818333,0
0.70028466,0
0.0026562826,0
0.013782052,0
0.016289033,0
0.2087165,0
0.0067794374,0
0.04596086,0
0.01779067,0
0.016144207,0
0.32287136,1
0.0027570508,0
0.99812657,1
0.7169613,1
0.014266758,0
0.29322818,0
0.9924158,1
0.003368906,0
0.36716712,0
0.5029197,0
0.22585872,0
0.5645922,1
0.014572578,0
0.45702192,1
0.25303468,0
0.35709396,1
0.3678763,0
0.044311825,0
0.0004707692,0
0.9984995,1
0.054615844,0
0.044183604,0
0.40601757,0
0.005596728,0
0.8255945,0
0.007600038,0
0.00055416976,0
0.08277293,0
0.014190272,0
0.000507623,0
0.00065078365,0
0.24161115,1
0.74795127,1
0.001085722,0
0.41567412,1
0.00062715757,0
0.12401299,0
0.045446217,0
0.9983941,1
0.004137224,0
0.15808417,0
0.1345734,1
0.16952679,0
0.29998496,1
0.1302821,1
0.06258263,0
0.67952585,1
0.42275414,0
0.00013683514,0
0.48870942,1
0.0005511632,0
0.002764648,0
0.0002511243,0
0.9976793,1
0.03942804,0
0.13715014,1
0.048113674,0
0.5216244,0
0.00058584526,0
0.001200604,0
0.5854746,0
0.033181608,0
0.35288104,0
0.786366,0
0.01056814,0
0.7151128,1
0.46810907,1
0.44110274,1
0.5640875,1
0.22933161,1
0.013234693,0
0.2122973,0
0.039820347,0
0.9992137,1
0.001071546,0
0.0023780998,0
0.00072043494,0
0.39808205,0
0.013116783,0
0.0064747557,0
0.31769326,0
0.3892716,1
0.4448135,1
0.075761594,1
0.034758102,0
0.0045385933,0
0.0027798673,0
0.8169039,1
0.23177506,0
0.82366896,1
0.4283176,0
0.007827812,0
0.67527634,1
0.00042647752,0
0.4963421,0
0.0016408141,0
0.09887615,0
0.99966633,1
0.00053891557,0
0.0044376375,0
0.0058860444,0
0.02043658,0
0.011188951,0
0.99381965,1
0.0068796813,0
0.050392002,0
0.19687526,0
0.83657944,0
0.047294285,0
0.04487142,0
0.049705494,0
0.17234401,0
0.045782614,0
0.0006870977,0
0.00028616408,0
0.45878035,1
0.020398846,0
0.17216818,1
0.1928831,0
0.55889434,1
0.21778844,1
0.48638827,1
0.0032280935,0
0.001640208,0
0.7349155,0
0.0621487,0
0.99668944,1
0.025797827,0
0.000114999806,0
0.0032086892,0
0.99884987,1
0.0011940395,0
0.009351631,0
0.36062905,0
0.014247713,0
0.0005633265,0
0.12668465,0
0.13839234,0
0.006129305,0
0.38467684,0
0.00054212863,0
0.99281824,1
0.012230026,0
0.017353542,0
0.10536048,0
0.011021176,0
0.4527153,0
0.15254517,0
0.3121119,1
0.48759106,1
0.00057829893,0
0.023841314,0
0.998444,1
0.5735196,1
0.021909151,0
0.00025980468,0
0.90603894,1
0.00934759,0
0.0069155423,0
0.15138225,0
0.009456243,0
0.06747594,0
0.00047930155,0
0.005715557,0
0.06194558,0
0.005380207,0
0.001134236,0
0.0010121178,0
0.3518208,0
0.000331278,0
0.043598082,0
0.0007384056,0
0.00058303477,0
0.35393983,1
0.88115233,1
0.49238977,1
0.007501264,0
0.8273938,1
0.06721666,0
0.41985983,1
0.2769556,1
0.12537032,0
0.7924724,1
0.026433475,0
0.018094173,0
0.0005890488,0
0.98694766,1
0.01678567,0
0.015162103,0
0.1253569,0
0.002342759,0
0.007968321,0
0.0006794144,0
0.4565537,0
0.0011106975,0
0.75373,1
0.99944705,1
0.0003558007,0
0.35762274,0
0.00071138627,0
0.6740593,1
0.033645917,0
0.9333557,1
0.07857103,0
0.009593487,0
0.009880136,0
0.58965933,0
0.7362777,1
0.53737277,0
0.008089019,0
0.00468148,0
0.46222886,0
0.7901873,1
0.007095105,0
0.3417064,0
0.013487874,0
0.51464427,1
0.32268336,0
0.08975862,0
0.69482744,0
0.09987462,0
0.99960953,1
0.2064462,0
0.3372502,0
0.9758035,1
0.004249263,0
0.005607151,0
0.0051509757,0
0.022913704,0
0.042540535,0
0.0004917739,0
0.6465389,0
0.43041545,0
0.17964958,0
0.001404831,0
0.005559022,0
0.6528295,1
0.39644855,0
0.014596721,0
0.92122847,1
0.0018088071,0
0.5695363,1
0.012628998,0
0.0085481405,0
0.04545842,0
0.46381745,1
0.0002203209,0
0.99930274,1
0.108270735,1
0.19467008,0
0.76320606,1
0.98976606,1
0.0018386706,0
0.6694233,1
0.9309438,1
0.09603545,0
0.19938833,0
0.56606585,0
0.013134566,0
0.005865936,0
0.2260596,0
0.0017788884,0
0.36877632,1
0.017548844,0
0.0018056879,0
0.019650016,0
0.010013292,0
0.015144981,0
0.9913386,1
0.99888223,1
0.002190732,0
0.0008834814,0
0.98370796,1
0.10939759,0
0.46674043,0
0.0016706373,0
0.0007702686,0
0.34390128,0
0.9775367,1
0.21214835,0
0.021701397,0
0.043227598,0
0.00024546706,0
0.43819374,1
0.030445617,0
0.0002631214,0
0.13779144,0
0.1239725,0
0.9944772,1
0.37560087,0
0.0028580923,0
0.009229885,0
0.003147508,0
0.087745085,0
0.025736814,0
0.024829186,0
0.006482466,0
0.2364484,0
0.5069075,0
0.040599864,0
0.24781157,0
0.015582975,0
0.5587558,1
0.00031870123,0
0.430432,0
0.048440795,0
0.20439066,1
0.6389396,1
0.7893119,1
0.6198239,1
0.03677976,0
0.00026832317,0
0.29674938,1
0.32875913,1
0.1399958,0
0.38564992,1
0.7600419,1
0.0016093986,0
0.6953477,1
0.0031594306,0
0.00039855167,0
0.071589425,0
0.76114666,1
0.59801644,1
0.05316055,0
0.5800925,0
0.8278528,0
0.00026904145,0
0.67509544,1
0.6001942,1
0.67445475,0
0.0005255117,0
0.5598823,1
0.023164852,0
0.007943493,0
0.00092966843,0
0.091557965,0
0.2886223,0
0.6447414,1
0.00073803036,0
0.0042749923,0
0.05181334,0
0.023170032,0
0.6336813,1
0.00086713204,0
0.21777102,0
0.0013290333,0
0.77635,0
0.0040928833,0
0.21613148,0
0.06609917,0
0.65754575,1
0.18912509,0
0.9988912,1
0.16481261,0
0.0038637249,0
0.00063787086,0
0.7400467,1
0.39054695,1
0.8309428,1
0.032414287,0
0.26623136,0
0.011095178,0
0.12933248,0
0.43978265,1
0.26874003,1
0.05726327,0
0.40072477,1
0.07331582,0
0.085153595,0
0.018751752,0
0.3792017,0
0.08621164,0
0.008531737,0
0.25048,0
0.003374774,0
0.5122873,1
0.639329,1
0.10603689,1
0.0045465063,0
0.0863824,0
0.69096965,1
0.0042782594,0
0.48348284,0
0.30557078,0
0.00761621,0
0.11322643,0
0.009026479,0
0.999483,1
0.53986824,1
0.00047480426,0
0.0029458264,0
0.5201108,0
0.017364621,1
0.27451995,0
0.0010587273,0
0.0003862939,0
0.0012209325,0
0.84937894,1
0.0044976156,0
0.69785565,1
0.07956287,0
0.69117475,0
0.28144974,0
0.13939165,0
0.015041054,0
0.024882924,0
0.0005787809,0
0.0012775005,0
0.00066035026,0
0.019089,0
0.22769669,1
0.013709226,0
0.0092738075,0
0.5047872,1
0.006567926,0
0.11083947,0
0.997209,1
0.36463287,0
0.99917823,1
0.07539495,0
0.9992749,1
0.039367355,0
0.5401379,0
0.0015178727,0
0.011505373,0
0.028542174,0
0.10436867,1
0.39899263,0
0.4207205,0
0.004627664,0
0.29264545,0
0.0044262866,0
0.032500803,0
0.99820423,1
0.9925511,1
0.15379618,0
0.005375283,0
0.031226415,0
0.14669357,0
0.07125072,0
0.0067665586,0
0.9959121,1
0.002879695,0
0.0053224773,0
0.14325012,0
0.00021669234,0
0.036788076,0
0.004945432,0
0.006402526,0
0.02710404,0
0.00053059525,0
0.028603025,0
0.012963343,0
0.08328788,0
0.1991635,1
0.1419885,0
0.006518613,0
0.43464822,0
0.027367389,0
0.0031648853,0
0.0037427333,0
0.9969658,1
0.9652384,1
0.31619754,1
0.9891944,1
0.17535147,0
0.21431686,0
0.4966738,0
0.007862819,0
0.9995359,1
0.48443863,1
0.092942916,0
0.52500415,1
0.992708,1
0.10764903,0
0.0040940596,0
0.60268646,1
0.014190672,0
0.99437827,1
0.09055885,0
0.2499798,1
0.00067209173,0
0.10056204,0
0.38034916,1
0.25744295,0
0.99526477,1
0.38495323,1
0.08015543,1
0.01513293,0
0.40038648,1
0.051754374,0
0.04796778,0
0.33566898,0
0.0034199595,0
0.008852968,0
0.030742262,0
0.0025808907,0
0.17485958,0
0.0047223503,0
0.03876098,0
0.69473714,1
0.0009261223,0
0.74122685,1
0.007950034,0
0.018331263,0
0.32791564,0
0.6117787,1
0.0025212287,0
0.4300424,0
0.015364707,0
0.014850619,0
0.00025626578,0
0.07992591,0
0.29794893,1
0.7741847,0
0.436439,1
0.07133295,0
0.12702431,1
0.33112377,0
0.24033564,1
0.027334489,1
0.80979383,1
0.022800112,0
0.009274987,0
0.012561795,0
0.057742044,0
0.05444531,0
0.0043360596,0
0.1960598,0
0.18115728,0
0.010428254,0
0.109589845,0
0.4877337,1
0.0031684784,0
0.0007549533,0
0.038308084,0
0.5465531,0
0.30377197,0
0.17963646,0
0.021937007,0
0.0061206226,0
0.26439634,1
0.07395836,0
0.85454845,1
0.0500869,0
0.057059553,0
0.49226707,0
0.51128304,0
0.019712755,0
0.060264513,0
0.013386971,0
0.026881067,0
0.00054790213,0
0.00056970236,0
0.0167624,0
0.7343776,1
0.22583352,0
0.003608623,0
0.21055984,1
0.00023179094,0
0.50867945,0
0.9976659,1
0.014444179,0
0.22766568,1
0.21015708,0
0.0032389686,0
0.1178356,0
0.99896467,1
0.94674593,1
0.008251685,0
0.0017654375,0
0.1552718,0
0.49764255,0
0.9358243,1
0.115233,0
0.0014476886,0
0.52909034,0
0.69234246,1
0.9425987,1
0.3221165,0
0.007628838,0
0.0037168814,0
0.0012194786,0
0.0005463213,0
0.24789992,0
0.25264603,0
0.09492053,0
0.014141254,0
0.03859804,0
0.0072400053,0
0.005940098,0
0.03727983,0
0.65974474,1
0.05893361,0
0.0060533495,0
0.9847593,1
0.3327011,0
0.5479681,1
0.648403,1
0.050593417,0
0.0015132338,0
0.07728709,1
0.118512936,0
0.02354774,0
0.023333387,0
0.78214777,1
0.094026566,1
0.0723963,0
0.9982344,1
0.011703197,1
0.26658422,0
0.010713647,0
0.13178249,0
0.0027811565,0
0.61866987,1
0.22122748,1
0.3831036,0
0.68098265,1
0.44808933,1
0.0012871167,0
0.05568775,0
0.7563968,1
0.04936447,0
0.06301366,0
0.1938524,1
0.1785494,0
0.50154114,1
0.99367034,1
0.28403258,1
0.0027974744,0
0.011918043,0
0.00047437154,0
0.2956314,0
0.10611093,0
0.77955854,0
0.032095246,0
0.012002181,0
0.3093686,0
0.03669423,0
0.0003563399,0
0.6965173,0
0.97266924,1
0.021502161,0
0.0013005362,0
0.07122008,0
0.0007040898,0
0.35417607,0
0.35222584,1
0.000441607,0
0.5420249,0
0.992295,1
0.14007744,1
0.27310613,0
0.09399333,0
0.22760361,0
0.00034277153,0
0.10356466,0
0.002580941,0
0.011021308,0
0.0089214295,0
0.09706609,1
0.04966256,0
0.56507987,1
0.82066894,1
0.00057721796,0
0.41534653,0
0.105999425,0
0.009769621,0
0.41064358,1
0.01072844,0
0.70806485,0
0.58702856,1
0.9990803,1
0.09247566,0
0.007559809,0
0.00046066256,0
0.028706513,0
0.061245363,0
0.011318326,0
0.50672996,0
0.028509371,0
0.048210826,0
0.0030518263,0
0.014098421,0
0.66688263,1
0.99217576,1
0.8096736,0
0.017493404,0
0.98878026,1
0.1298939,0
0.05291568,0
0.23419029,0
0.15321723,0
0.99948764,1
0.05388174,0
0.34973755,1
0.07432411,0
0.35010248,0
0.855183,1
0.018122392,0
0.0025644945,0
0.54125273,1
0.0064379075,0
0.6961296,1
0.00041861366,0
0.00041062752,0
0.03331008,0
0.4467374,0
0.0028244613,0
0.3236658,0
0.106733486,0
0.0070021045,0
0.0017484607,0
0.9927825,1
0.0031087839,0
0.006077447,0
0.16850345,0
0.006199923,0
0.22526908,0
0.021927735,0
0.0016732622,0
0.0031974125,0
0.24493474,1
0.000599505,0
0.99219346,1
0.004627776,0
0.005467524,0
0.03159516,0
0.004890179,0
0.4358844,1
0.4420418,0
0.030767158,0
0.0032944225,0
0.00087211776,0
0.014202705,0
0.018412918,0
0.7439235,0
0.5567838,0
0.25317842,0
0.00071493327,0
0.07200514,0
0.004939717,0
0.608413,0
0.46278024,1
0.52402484,0
0.0021030507,0
0.09905386,0
0.050648954,0
0.6877807,1
0.8508612,1
0.3162088,0
0.5920074,1
0.0055797454,0
0.14236458,0
0.7805392,1
0.014137619,0
0.0037403745,0
0.36594662,0
0.49643102,0
0.4551424,1
0.04694054,0
0.009205642,0
0.28749356,0
0.22710858,0
0.002600207,0
0.9983113,1
0.5427687,1
0.99602425,1
0.020130541,0
0.3982529,0
0.011841654,0
0.0026664992,0
0.72841394,0
0.031322043,0
0.023081705,0
0.008128787,0
0.3628784,0
0.12299449,0
0.014093703,0
0.76423925,1
0.53061813,0
0.16011837,1
0.17425291,0
0.008828667,0
0.99888927,1
0.41019782,1
0.7821625,1
0.0037940268,0
0.34288526,0
0.0414991,0
0.057568695,1
0.07847103,0
0.06804591,0
0.019214002,0
0.0006834496,0
0.31854707,0
0.01054199,0
0.001936763,0
0.00039262525,0
0.6956675,0
0.17594707,0
0.07626572,0
0.0026151799,0
0.3014604,0
0.074561685,0
0.0056963926,0
0.38807893,1
0.012325594,0
0.08414225,0
0.24666625,0
0.2766855,0
0.09374087,1
0.40506622,0
0.0028753607,0
0.5379144,1
0.008676757,0
0.0003177159,0
0.31135854,1
0.07066051,0
0.9076772,1
0.007504399,0
0.04207926,0
0.54341364,0
0.7934378,1
0.14467768,0
0.07527708,0
0.008980602,0
0.008737521,0
0.0067523187,0
0.07006959,0
0.023101797,0
0.12886977,0
0.9990828,1
0.16619827,0
0.2756378,1
0.29558477,0
0.002563074,0
0.05097998,0
0.5390195,0
0.5312887,1
0.055468503,0
0.17195049,0
0.25821638,0
0.0074121784,0
0.0013087147,0
0.44115788,1
0.02361058,0
0.5020829,1
0.040404752,0
0.00026530592,0
0.16656043,0
0.74021345,0
0.08725046,0
0.0006812422,0
0.01735512,0
0.048672542,0
0.044065375,0
0.012410921,0
0.10160359,0
0.73816276,1
0.19288228,0
0.69526064,1
0.00022050753,0
0.006909967,0
0.0005477254,0
0.00011810308,0
0.0051560365,0
0.9964365,1
0.27046907,1
0.10498318,0
0.22887012,0
0.65967566,1
0.00062470365,0
0.4724712,1
0.014970833,0
0.004784713,0
0.99670106,1
0.27597648,0
0.033046097,0
0.99449027,1
0.005932005,0
0.7124305,1
0.20991147,0
0.33695918,1
0.052520134,0
0.37297535,0
0.04154889,0
0.11070434,0
0.0054274993,0
0.22099906,1
0.15559594,0
0.10755713,0
0.020736344,0
0.99201936,1
0.05684953,0
0.0028969888,0
0.02977512,0
0.6825607,1
0.21350865,0
0.79272187,1
0.016237743,0
0.0058239917,0
0.19404449,0
0.52129966,1
0.0076555186,0
0.028103564,0
0.18318397,0
0.0023642944,0
0.10393124,0
0.052940995,0
0.091550946,0
0.03752701,0
0.12905224,0
0.18359274,0
0.00028553754,0
0.010502607,0
0.0592255,1
0.0011776586,0
0.042367306,0
0.027844327,0
0.016196625,0
0.018317651,0
0.91747904,0
0.0017419676,0
0.0014476755,0
0.54987144,0
0.30865458,1
0.06574526,0
0.11913359,0
0.0056018597,0
0.029542223,0
0.09133607,0
0.05013929,0
0.27657357,0
0.0063815084,0
0.4259273,0
0.99634796,1
0.27930987,0
0.03169485,0
0.74567604,1
0.19760098,0
0.47548333,0
0.54027677,1
0.42926925,1
0.006482426,0
0.00031197033,0
0.00048195466,0
0.00025270975,0
0.006061695,0
0.06997392,0
0.0042761555,0
0.0096309185,1
0.23250617,0
0.35576022,0
0.004588015,0
0.2640152,0
0.0055391006,0
0.3697753,0
0.46054885,0
0.15691689,1
0.0051947595,0
0.14282404,0
0.05313101,0
0.2695593,0
0.981859,1
0.13970903,1
0.023330638,0
0.38973117,0
0.99736506,1
0.9973755,1
0.0060517313,0
0.6614287,1
0.92524314,1
0.049896337,1
0.40599048,1
0.24970055,0
0.020536961,0
0.38879097,0
0.43259344,0
0.026810694,0
0.029881578,0
0.08259747,0
0.0016326288,0
0.07083512,0
0.014302543,0
0.08333155,1
0.99883467,1
0.9573466,1
0.00021060274,0
0.00149258,0
0.0052913534,0
0.043779116,0
0.0016315791,0
0.9855237,1
0.00024944718,0
0.0037788297,0
0.33545265,1
0.06040681,0
0.420812,0
0.2309416,1
0.28536195,0
0.2683061,1
0.53258294,1
0.047181692,0
0.0019500008,0
0.17797212,1
0.00026846697,0
0.2335959,0
0.20731482,1
0.0257486,0
0.010771679,0
0.017665535,0
0.0027609877,0
0.107457004,1
0.64855254,1
0.027032914,0
0.0075510778,0
0.0081737535,0
0.0032420857,0
0.9513233,1
0.03338547,0
0.14008346,0
0.06617377,1
0.092739075,0
0.06680848,0
0.66257805,0
0.004774749,0
0.013604592,0
0.2166095,0
0.00034970368,0
0.028857153,0
0.0034843446,0
0.477112,1
0.026005195,0
0.85408556,1
0.077862896,0
0.21222107,0
0.017216988,0
0.0018665344,0
0.045067616,0
0.0009979383,0
0.023880536,0
0.0038308545,0
0.0042866915,0
0.13158123,0
0.011152835,0
0.002886431,0
0.5011523,1
0.5484366,1
0.7525994,1
0.022997942,0
0.008316192,0
0.041461345,0
0.0010509959,0
0.0002688107,0
0.021892527,0
0.062184606,0
0.0311743,0
0.0029442736,0
0.42609745,1
0.21214928,0
0.28687963,1
0.005200672,0
0.04566549,0
0.027442105,0
0.021312257,0
0.009909548,0
0.042321246,0
0.99844176,1
0.9981172,1
0.26295435,0
0.76634187,1
0.005300927,0
0.00032401178,0
0.0030462693,0
0.05232086,0
0.99820495,1
0.6627201,0
0.591866,1
0.1653034,0
0.15879169,0
0.33715355,1
0.99924016,1
0.3989707,1
0.00046617546,0
0.54148644,0
0.44710532,0
0.0009244226,0
0.019432237,0
0.32154617,0
0.83068305,1
0.12542976,0
0.19067614,0
0.14184958,0
0.05212451,0
0.99595946,1
0.026810743,0
0.038170528,0
0.06049511,0
0.04184225,0
0.08089424,0
0.03725723,0
0.06097244,0
0.03148493,0
0.03132718,0
0.00082763936,0
0.0014952417,0
0.044933084,0
0.011660905,0
0.005479716,0
0.973974,1
0.18917245,1
0.0039201323,0
0.21688884,0
0.0021216504,0
0.06598019,0
0.8068891,1
0.7968956,0
9.7216216e-05,0
0.0039353715,0
0.04343703,0
0.98907197,1
0.64941055,1
0.37547022,1
0.00014276445,0
0.23972276,1
0.18680446,0
0.0013627394,0
0.61979306,1
0.028581098,0
0.43215662,0
0.010326004,0
0.43719608,0
0.99825853,1
0.005732157,0
0.24732754,0
0.0010354123,0
0.0007929592,0
0.16307813,0
0.66379875,1
0.7353971,1
0.44016084,0
0.39284834,1
0.0007894784,0
0.05805026,0
0.26514822,1
0.03494543,0
0.020520149,0
0.57772255,0
0.06605584,0
0.016752021,0
0.038084507,0
0.31775627,0
0.045440167,0
0.016030667,0
0.6816773,1
0.0006225387,0
0.9157874,1
0.17973177,0
0.28897116,0
0.3149844,0
0.3831172,0
0.00095256924,0
0.49738482,1
0.002906268,0
0.20499773,0
0.01036462,0
0.006302211,0
0.72367114,1
0.057054196,0
0.005421155,0
0.012310749,0
0.0020556834,0
0.0025815377,0
0.0023341754,0
0.0027372388,0
0.033869147,0
0.28165156,0
0.39175195,0
0.1129992,0
0.037729867,0
0.8356764,1
0.00019743883,0
0.49215823,0
0.009548169,0
0.99965465,1
0.011808857,0
0.0010178777,0
0.0060478374,0
0.11453995,0
0.22623053,0
0.51263654,1
0.020299505,0
0.16829488,0
0.122058496,0
0.000419096,0
0.08641339,0
0.1547272,0
0.4477139,1
0.066773154,0
0.00582627,0
0.2620319,1
0.00890799,0
0.79006475,1
0.03767292,0
0.092700675,0
0.053368762,1
0.032080557,0
0.22493932,0
0.7276687,0
0.011378764,0
0.27060032,0
0.06946992,0
0.09558751,0
0.8376544,1
0.0142065035,0
0.19570936,0
0.068709746,0
0.001760225,0
0.012182352,0
0.03950448,0
0.653525,0
0.032852247,0
0.58134156,1
0.72061616,0
0.004315532,0
0.43601203,0
0.07860089,0
0.09661199,0
0.011353142,0
0.46562237,0
0.17677678,0
0.011777854,0
0.001028936,0
0.0047865007,0
0.49082813,0
0.07011914,0
0.06241408,0
0.0002689945,0
0.20985305,0
0.027479375,0
0.0022052976,0
0.99804866,1
0.00085291197,0
0.015343577,0
0.002305044,0
0.0038563288,0
0.2723571,0
0.055124752,0
0.011440698,0
0.27971533,0
0.00028921245,0
0.6877578,1
0.09706906,0
0.009614382,0
0.99744236,1
0.019328956,0
0.586959,1
0.01393695,0
0.019618632,0
0.09305804,0
0.6559451,0
0.008766483,0
0.02631049,0
0.03564255,0
0.0016856262,0
0.00046935616,0
0.40469068,1
0.3208061,0
0.22687258,0
0.060115527,0
0.21063781,0
0.00037173808,0
0.29093727,0
0.004078175,0
0.07005096,0
0.0015367754,0
0.00039429363,0
0.5353853,0
0.025299793,0
0.016661352,0
0.4136551,1
0.24336945,0
0.57867336,1
0.015529361,0
0.55861324,1
0.027547492,0
0.001164423,0
0.19766219,0
0.052639436,0
0.41437674,0
0.08165455,0
0.03056186,0
0.6965146,1
0.012074403,0
0.020055138,0
0.060887,0
0.009118689,0
0.15878387,0
0.035791326,0
0.26799148,0
0.23037606,1
0.017252581,0
0.024886258,0
0.4090786,0
0.77211004,1
0.0009390331,0
0.48159042,0
0.6640355,1
0.1688779,0
0.025092592,0
0.53344375,0
0.29632857,0
0.6130701,1
0.56431663,0
0.020057103,0
0.0013160062,0
0.99901056,1
0.05912875,0
0.005078432,0
0.015516782,0
0.023759631,0
0.0003537914,0
0.9995639,1
0.252161,1
0.012418568,0
0.74733424,1
0.025838934,0
0.36775953,0
0.056567065,0
0.07854,0
0.50254893,0
0.34649992,0
0.15191121,0
0.9989497,1
0.00018436236,0
0.09145306,0
0.76689744,1
0.00010187736,0
0.01589256,0
0.03124153,0
0.26972666,0
0.25947508,1
0.0047109206,0
0.28021654,0
0.6448698,1
0.022370385,0
0.13026555,0
0.07785475,0
0.09544388,0
0.06622044,0
0.23347351,0
0.038877893,1
0.0012027995,0
0.022365708,0
0.0032679185,0
0.3028568,1
0.0006174407,0
0.3286867,1
0.040806524,0
0.011834498,0
0.00037846612,0
0.28602645,0
0.0024602998,0
0.49416006,0
0.06062628,0
0.21088926,0
0.004292779,0
0.07653092,0
0.0017712716,0
0.0005624828,0
0.47253194,1
0.08019341,1
0.7066007,1
0.35417014,0
0.03968399,0
0.26109266,0
0.010922373,0
0.006841904,0
0.3861965,0
0.0030419293,0
0.7205776,1
0.5250012,0
0.0032424803,0
0.0004601879,0
0.030813297,0
0.05658959,0
0.15330717,1
0.113081336,1
0.18024914,1
0.28325453,1
0.024676552,0
0.010863195,0
0.1698904,0
0.0428499,0
0.73204654,1
0.07834734,0
0.03306654,0
0.06795576,0
0.16597643,0
0.3589236,1
0.06386166,0
0.038243454,0
0.9157521,1
0.0104937,0
0.11839318,0
0.112624824,0
0.9698552,1
0.008013825,0
0.0069354814,0
0.030019583,0
0.017335987,0
0.000587529,0
0.04013681,0
0.01355991,0
0.12840049,0
0.9994299,1
0.017542629,0
0.14195786,0
0.004889541,0
0.03469213,0
0.23171689,0
0.10236465,1
0.50804996,0
0.027927557,0
0.054047015,0
0.012362243,0
0.32449275,0
0.16307098,1
0.20991147,1
0.9996253,1
0.14394014,0
0.0035819428,0
0.17814633,0
0.54142225,0
0.08195605,0
0.40028974,1
0.985249,1
0.7364586,1
0.26789436,0
0.99032074,1
0.0014442881,0
0.006499018,0
0.83738184,0
0.99824023,1
0.0011232295,0
0.77419686,1
0.019568639,0
0.5054374,0
0.06272257,0
0.28689542,1
0.035165127,0
0.029007446,0
0.9905628,1
0.9818517,1
0.71905994,1
0.0011869057,0
0.0052030482,0
0.9991019,1
0.021262912,0
0.17093858,0
0.041786835,0
0.28800866,0
0.11237552,0
0.05066808,0
0.010960487,0
0.0028258627,0
0.015797753,0
0.5560164,1
0.99714607,1
0.8426328,1
0.99928385,1
0.21062866,1
0.1203774,0
0.0010334516,0
0.0028063995,0
0.035776474,0
0.006612138,0
0.99748236,1
0.7673368,0
0.25701493,0
0.024443027,0
0.07484654,0
0.84374076,1
0.29353252,0
0.24831656,0
0.007116121,0
0.99430555,1
0.009495045,0
0.284242,0
0.23954765,1
0.0018390276,0
0.8949561,1
0.062040985,0
0.032074567,0
0.050027214,0
0.016271148,0
0.0026207191,0
0.99210304,1
0.01808198,0
0.96514475,1
0.015752148,0
0.74556816,1
0.0057042167,0
0.95890164,1
0.9773536,1
0.6805041,1
0.0034387573,0
0.0023982762,0
0.6479531,1
0.27008653,1
0.3357237,0
0.18958823,0
0.038120646,0
0.68122673,1
0.26689452,1
0.37609196,1
0.05203416,0
0.007553962,0
0.74737275,1
0.6633262,1
0.08001625,0
0.06683637,0
0.018994827,0
0.22192113,0
0.13984062,0
0.055693362,0
0.32480994,0
0.11816006,0
0.77817845,0
0.05649835,0
0.023145508,0
0.1630409,1
0.004823217,0
0.34276727,0
0.12830842,0
0.6434533,1
0.88365513,1
0.46839228,0
0.58111143,1
0.7182924,1
0.0002942855,0
0.24820784,0
0.03416808,0
0.000975377,0
0.004119991,0
0.06704614,0
0.059952598,0
0.65526897,0
0.0042212144,0
0.019578092,0
0.014718992,0
0.009237803,0
0.11799574,0
0.008049946,0
0.021550968,0
0.00035186033,0
0.3991534,1
0.00065036176,0
0.03890422,0
0.0005305851,0
0.14352772,0
0.072982125,0
0.15651843,1
0.005581473,0
0.6291352,0
0.9972699,1
0.45910782,1
0.62625533,1
0.006671399,0
0.0041849674,0
0.00364955,0
0.054184273,0
0.27430543,0
0.2915911,0
0.5259939,1
0.9979528,1
0.99660873,1
0.00034083286,0
0.11185202,0
0.022384454,0
0.020229299,0
0.018485354,0
0.9984297,1
0.00028240375,0
0.00022508195,0
0.013588656,0
0.288885,0
0.23229343,0
0.029984813,0
0.19236766,0
0.17167775,0
0.39099067,0
0.9986829,1
0.040700354,0
0.0005068035,0
0.003248839,0
0.06639005,0
0.0062585548,0
0.74206215,1
0.021876879,0
0.61234355,1
0.3133641,0
0.009004284,0
0.05471921,1
0.00074687053,0
0.06478471,0
0.5654377,1
0.23104952,0
0.07125438,0
0.27371824,0
0.30524656,0
0.2649032,0
0.024266776,0
0.0010324292,0
0.150697,0
0.14523396,0
0.00069461623,0
0.0007984119,0
0.13785347,0
0.9991629,1
0.05488541,0
0.0024053873,0
0.32046595,0
0.399378,0
0.9872635,1
0.5733396,1
0.009281355,0
0.40049568,1
0.21987298,0
0.023222826,0
0.0005638279,0
0.023738924,0
0.00023864793,0
0.44741306,1
0.0062501407,0
0.0032690433,0
0.34371206,0
0.51402885,1
0.2553176,1
0.49257168,0
0.3269844,0
0.8957396,1
0.0073700976,0
0.015600071,0
0.049509283,0
0.81673056,1
0.013499998,0
0.11990553,0
0.46328998,1
0.20903425,0
0.0014137513,0
0.008468702,0
0.25478342,0
0.0016736838,0
0.03056006,0
0.85818666,1
0.0073673464,0
0.026049383,0
0.0077074654,0
0.024154076,0
0.47221774,0
0.14638972,0
0.00049021817,0
0.002225421,0
0.1301848,0
0.018351173,0
0.071318865,0
0.15062365,0
0.0098430775,0
0.013304444,0
0.83683413,1
0.32253954,0
0.06249874,0
0.00329462,0
0.4960237,1
0.06417021,1
0.017107127,0
0.99503195,1
0.004814475,0
0.1850009,0
0.0031277926,0
0.024841862,0
0.20207202,0
0.57363516,1
0.059861332,0
0.023617364,1
0.069309756,0
0.0037663174,0
0.07109034,0
0.04306322,0
0.00044421665,0
0.00039063292,0
0.9982161,1
0.17244905,1
0.08128384,0
0.09231376,1
0.09331222,1
0.42184255,0
0.006427341,0
0.29287758,1
0.60990304,1
0.9539603,1
0.0067635146,0
0.06811845,0
0.3712669,1
0.12360656,0
0.08280781,0
0.19453222,1
0.0063329358,0
0.17162067,1
0.019113261,0
0.47348988,1
0.044844136,0
0.00017335344,0
0.0090251565,0
0.00036056872,0
0.009026189,0
0.09458131,0
0.009601169,0
0.0070616854,0
0.97183335,1
0.0052348743,0
0.064322956,0
0.0025437956,0
0.004161817,0
0.0011798656,0
0.3252771,0
0.0056723496,0
0.010817704,0
0.42826682,1
0.004121057,0
0.002603927,0
0.034503,0
0.4248232,0
0.9980617,1
0.010706932,0
0.4910028,1
0.5427322,1
0.59151566,0
0.04878409,0
0.23486812,0
0.10533434,0
0.0067110206,0
0.15988635,1
0.0013383502,0
0.993772,1
0.0007432458,0
0.00025064588,0
0.0043557845,0
0.19458039,0
0.3700528,0
0.8459389,1
0.12691495,0
0.9138563,0
0.0040016444,0
0.0016307662,0
0.010531367,0
0.031680174,0
0.0023741687,0
0.017421266,0
0.4798131,0
0.073549934,0
0.071141765,0
0.025461545,0
0.0464938,0
0.7868199,1
0.0006313121,0
0.7753826,1
0.89209384,1
0.0019598326,0
0.043228976,0
0.1995485,0
0.9872301,1
0.72454673,0
0.0040208166,0
0.057141595,0
0.015998717,0
0.021800885,0
0.12515815,0
0.61198205,0
0.7068236,1
0.039983373,0
0.00021012538,0
0.9879395,1
0.7699448,1
0.7487956,1
0.9968585,1
0.0021047285,0
0.0093803,0
0.00023862088,0
0.07419412,0
0.0010056711,0
0.20675077,0
0.04439907,0
0.1446325,0
0.07591228,0
0.39682922,0
0.012780035,0
0.5022239,1
0.02559545,0
0.015507834,0
0.15687352,0
0.04399581,0
0.07071641,0
0.33162764,0
0.060203932,0
0.10822542,0
0.082826026,0
0.46485183,1
0.002755867,0
0.7759317,1
0.3062855,0
0.04057642,0
0.7168753,0
0.8608548,1
0.9913777,1
0.5440212,1
0.0046577,0
0.00025010758,0
0.0022404802,0
0.023049856,0
0.004740817,0
0.055545915,0
0.28703687,0
0.74206215,0
0.04534454,0
0.29895276,0
0.0015539268,0
0.019996395,0
0.3889659,1
0.22765318,0
0.0056302273,0
0.103741735,0
0.005586997,0
0.03616609,0
0.00835741,0
0.6177921,1
0.0002834512,0
0.00932123,0
0.0104500605,0
0.062281806,0
0.8037833,1
0.31250438,0
0.3106959,1
0.12109336,0
0.003428613,0
0.23405863,0
0.12549095,0
0.02636327,0
0.075312905,0
0.12235927,0
0.00086985755,0
0.018225506,1
0.029570067,0
0.10664329,0
0.019197872,0
0.0056425664,0
0.032293532,0
0.20543721,0
0.108471975,0
0.16632667,1
0.011177526,0
0.30133578,0
0.010639458,0
0.0031587128,0
0.984327,1
0.22029611,0
0.505612,1
0.022588305,0
0.19934367,0
0.012028208,0
0.012473202,0
0.26172978,0
0.0011572245,0
0.97378165,1
0.13827924,0
